StartDate,EndDate,Duration (in seconds),Finished,Cheapest_White,Priciest_White,Cheapest_Red,Priciest_Red,Unpredictable_Red,Inconsistent_Red,Unpredictable_White,Inconsistent_White,turkid,condid,first
13/03/2019 21:45,13/03/2019 21:46,21,1,18,25,19,27,34,37,37,35,A2EVTBJG1Z9TCP,3,White
13/03/2019 21:45,13/03/2019 21:46,25,1,23,31,24,29,37,37,37,37,A0017268R9SKD8U2Y3F,0,White
13/03/2019 21:46,13/03/2019 21:46,18,1,10,35,15,45,35,36,36,36,AITP2LUW8GPB,0,White
13/03/2019 21:46,13/03/2019 21:46,30,1,21,38,22,43,37,38,36,37,AOZUMS41I24QI,5,Red
13/03/2019 21:46,13/03/2019 21:46,39,1,18,34,17,33,35,35,34,34,A1GRPIBHW72HDU,2,Red
13/03/2019 21:46,13/03/2019 21:46,35,1,19,31,21,28,38,35,36,38,A319A00WUMMU4R,5,White
13/03/2019 21:46,13/03/2019 21:46,36,1,13,38,16,38,34,34,37,36,A21Y7K669KM1PR,4,White
13/03/2019 21:46,13/03/2019 21:46,34,1,19,33,19,34,37,37,37,37,AYBYMDBEBK5Z,2,White
13/03/2019 21:46,13/03/2019 21:46,14,1,10,29,13,30,39,38,38,37,A2H4HYDU6FFAMQ,1,Red
13/03/2019 21:46,13/03/2019 21:46,47,1,8,48,10,47,38,37,37,39,A2I55CEBUNQ2SZ,1,Red
13/03/2019 21:46,13/03/2019 21:46,30,1,18,35,15,38,35,35,35,35,A15FXHC1CVNW31,1,Red
13/03/2019 21:46,13/03/2019 21:47,52,1,17,38,13,37,34,35,35,35,A2QPMJ4GADLUW2,4,Red
13/03/2019 21:46,13/03/2019 21:47,36,1,19,34,18,32,37,36,37,36,AIYEEGUR4FATL,5,Red
13/03/2019 21:46,13/03/2019 21:47,36,1,17,34,17,34,34,33,34,34,A1V1Q9L3DG40WQ,5,Red
13/03/2019 21:46,13/03/2019 21:47,34,1,13,37,17,34,35,35,34,34,A1TM0YUPC90UFZ,1,White
13/03/2019 21:46,13/03/2019 21:47,22,1,21,27,17,33,35,37,35,37,AUDH0P4ZHJKS2,3,Red
13/03/2019 21:46,13/03/2019 21:47,30,1,15,33,15,34,34,34,34,34,A1Y6HGDW6ZAYBY,4,White
13/03/2019 21:46,13/03/2019 21:47,52,1,19,32,19,29,37,35,34,34,A2HWIWF0EZP7BV,3,White
13/03/2019 21:46,13/03/2019 21:47,56,1,25,50,25,50,36,36,36,36,A24FIMMDV3QAZD,5,White
13/03/2019 21:46,13/03/2019 21:47,37,1,23,27,17,32,34,34,38,38,A2DFXQ3QVQ9ELH,0,White
13/03/2019 21:46,13/03/2019 21:47,41,1,15,35,17,31,35,37,35,37,A33P3MP2KIC717,2,Red
13/03/2019 21:46,13/03/2019 21:47,51,1,12,35,13,37,37,37,35,34,A3LOLMFCFVCXSX,4,Red
13/03/2019 21:46,13/03/2019 21:47,34,1,18,34,19,29,37,37,34,34,A1DXSFFL5HZ1NX,3,Red
13/03/2019 21:46,13/03/2019 21:47,40,1,14,36,13,37,34,34,34,34,A1B84JJ7ATWVJA,4,Red
13/03/2019 21:46,13/03/2019 21:47,43,1,17,32,21,24,37,37,35,35,A2W5Q0IVJUS7Y6,2,White
13/03/2019 21:46,13/03/2019 21:47,29,1,13,38,13,38,35,34,37,38,A2OFN0A5CPLH57,4,White
13/03/2019 21:46,13/03/2019 21:47,46,1,14,38,15,36,35,35,34,34,ADEMAGRRRGSPT,1,White
13/03/2019 21:46,13/03/2019 21:47,45,1,17,34,17,31,35,35,37,37,A7BJQT4AKDHAO,2,White
13/03/2019 21:46,13/03/2019 21:47,55,1,18,38,18,34,37,37,37,38,A21UA6O7ZFAIQJ,1,Red
13/03/2019 21:46,13/03/2019 21:47,47,1,17,30,20,33,35,35,35,35,A3RHFUBEK3JC4V,1,White
13/03/2019 21:47,13/03/2019 21:47,27,1,24,29,19,34,34,34,37,37,A1DSBBRZR3LWXP,0,White
13/03/2019 21:46,13/03/2019 21:47,39,1,23,33,17,34,37,36,37,37,A2PBIFYF14M5MD,2,White
13/03/2019 21:46,13/03/2019 21:47,38,1,14,38,11,38,34,34,34,34,A2JGWDPGYD5X0N,4,Red
13/03/2019 21:47,13/03/2019 21:47,27,1,14,32,15,34,36,37,36,35,A1GCTKOPKUTW3G,4,Red
13/03/2019 21:47,13/03/2019 21:47,18,1,22,28,20,28,37,38,37,38,A3914P24XPNPY3,0,White
13/03/2019 21:46,13/03/2019 21:47,41,1,17,34,17,34,36,38,36,38,ALSDYX3XI9565,3,Red
13/03/2019 21:47,13/03/2019 21:47,21,1,24,27,24,27,37,35,37,35,A3RS7UCO7CQ74R,5,White
13/03/2019 21:46,13/03/2019 21:47,56,1,13,31,21,33,36,35,35,37,A2311L4YQ9PP81,0,White
13/03/2019 21:47,13/03/2019 21:47,44,1,19,34,17,33,35,35,38,38,A1OZPLHNIU1519,2,White
13/03/2019 21:47,13/03/2019 21:47,25,1,13,37,17,34,33,37,34,38,A3K1PEC18VPAT8,1,White
13/03/2019 21:47,13/03/2019 21:47,44,1,17,34,24,34,34,33,37,35,A14UUJMRQ6ULRV,0,White
13/03/2019 21:47,13/03/2019 21:47,38,1,13,28,18,28,36,36,36,36,A2VZIJ7AZ537QP,5,Red
13/03/2019 21:46,13/03/2019 21:47,56,1,23,25,19,34,37,37,34,34,A1SWCB4QM0A1R8,2,Red
13/03/2019 21:47,13/03/2019 21:47,27,1,19,27,21,33,37,38,35,35,A1DY3TBDY4VZG5,0,White
13/03/2019 21:47,13/03/2019 21:47,38,1,17,34,19,34,34,34,34,34,A2AEXHIIZTS1RR,5,White
13/03/2019 21:47,13/03/2019 21:47,36,1,18,33,17,17,38,37,37,37,A1KRO0JWU6LT0I,2,Red
13/03/2019 21:47,13/03/2019 21:47,55,1,17,31,18,32,37,38,35,35,A1O4BHTTYNGNMK,5,White
13/03/2019 21:47,13/03/2019 21:47,33,1,19,30,16,32,36,36,36,36,A3D1KY32KA7US9,0,White
13/03/2019 21:47,13/03/2019 21:48,53,1,18,18,18,31,34,34,35,35,A22ZYDQ7VRH6EL,5,White
13/03/2019 21:47,13/03/2019 21:48,28,1,16,36,12,36,36,36,36,36,A31D9Q3SUR0VUU,1,Red
13/03/2019 21:46,13/03/2019 21:48,62,1,13,35,15,37,34,34,34,34,A19L8SNH73AX1Z,4,Red
13/03/2019 21:47,13/03/2019 21:48,18,1,15,29,18,38,36,36,36,36,AOBTFLJU2BEPR,1,Red
13/03/2019 21:47,13/03/2019 21:48,52,1,22,28,18,28,35,35,37,38,AEDJXOPWQULR4,0,Red
13/03/2019 21:47,13/03/2019 21:48,54,1,15,27,17,29,34,33,33,34,AKKDXXY0G46AK,2,Red
13/03/2019 21:46,13/03/2019 21:48,82,1,27,3,18,4,37,38,36,38,A26HNRNAK9DAWQ,5,Red
13/03/2019 21:46,13/03/2019 21:48,71,1,20,32,18,26,38,38,35,37,A3EL1CTJWNCY2O,3,Red
13/03/2019 21:47,13/03/2019 21:48,69,1,20,27,20,29,37,35,37,35,A2L5GK3NXK4XF1,3,White
13/03/2019 21:47,13/03/2019 21:48,33,1,17,39,17,34,35,35,34,35,AJTNDRWYD3IFR,5,White
13/03/2019 21:47,13/03/2019 21:48,40,1,22,30,19,34,36,36,36,36,A3ELT4XRJTCNKL,2,Red
13/03/2019 21:47,13/03/2019 21:48,42,1,21,32,17,34,34,38,37,37,A1MAAPY9K1G1YR,0,Red
13/03/2019 21:47,13/03/2019 21:48,32,1,17,32,17,35,37,37,35,35,A1HMGPUALNY8XO,5,Red
13/03/2019 21:47,13/03/2019 21:48,31,1,15,33,13,35,35,35,35,35,A2M5I4KGKF9J7Q,4,White
13/03/2019 21:47,13/03/2019 21:48,21,1,20,26,22,26,37,36,36,37,A1ENE99INLYD1G,0,Red
13/03/2019 21:47,13/03/2019 21:48,29,1,17,33,20,33,35,38,35,35,A1T8YT3FFIRM8N,3,White
13/03/2019 21:47,13/03/2019 21:48,41,1,13,33,13,33,36,36,36,36,A35ZRGM4AQ6FF5,4,White
13/03/2019 21:47,13/03/2019 21:48,40,1,15,33,24,33,38,37,37,35,A2J5N770I859WE,1,White
13/03/2019 21:47,13/03/2019 21:48,35,1,11,35,13,32,35,35,36,36,A3SZPQMP8UYNN9,4,Red
13/03/2019 21:47,13/03/2019 21:48,40,1,19,32,17,36,35,37,35,37,APEHS2JTA3FZJ,2,Red
13/03/2019 21:46,13/03/2019 21:48,86,1,17,25,18,32,37,37,35,35,A1P8YJ2L8G8EE1,0,Red
13/03/2019 21:47,13/03/2019 21:48,33,1,17,31,24,28,34,35,34,35,A079789010EVSPIBCSWFO,3,White
13/03/2019 21:47,13/03/2019 21:48,34,1,18,31,18,31,37,38,37,38,A1CC1ESUM2JWJ2,0,White
13/03/2019 21:47,13/03/2019 21:48,80,1,13,33,13,39,36,36,36,36,A39EBLPHUIPAFH,2,White
13/03/2019 21:47,13/03/2019 21:48,54,1,18,24,18,35,35,37,35,37,A332S5HG3XL6TE,4,Red
13/03/2019 21:47,13/03/2019 21:48,59,1,9,10,12,9,38,36,38,37,A358PBJ60UT7YG,5,Red
13/03/2019 21:47,13/03/2019 21:48,36,1,18,29,18,33,37,38,35,35,A3JVG39ZC5U3AE,5,Red
13/03/2019 21:48,13/03/2019 21:48,29,1,17,34,21,29,37,37,35,35,A1518CYJ8XQYIJ,3,White
13/03/2019 21:47,13/03/2019 21:48,74,1,17,34,19,28,37,37,37,37,A2VAL2BRKVSUB5,3,White
13/03/2019 21:48,13/03/2019 21:48,39,1,17,31,21,35,38,37,37,37,A2HG1N3BVQO6I,2,White
13/03/2019 21:48,13/03/2019 21:48,36,1,18,34,23,27,38,34,34,34,AFSGRTCIUF123,3,White
13/03/2019 21:48,13/03/2019 21:48,30,1,21,33,20,29,37,37,37,37,A20MUNY2OLDCLC,0,Red
13/03/2019 21:48,13/03/2019 21:49,38,1,20,26,22,30,38,37,37,37,AIVOH0IAPO9IU,3,Red
13/03/2019 21:47,13/03/2019 21:49,79,1,24,39,24,25,37,37,37,37,A303S36W18O53,2,Red
13/03/2019 21:48,13/03/2019 21:49,64,1,17,34,19,28,35,37,35,35,A1LUQFFMIXMYNI,3,Red
13/03/2019 21:48,13/03/2019 21:49,46,1,17,32,17,34,33,33,34,34,A1583QYOFIMYWT,5,Red
13/03/2019 21:48,13/03/2019 21:49,47,1,19,36,19,32,34,35,34,35,A1R37XA9QPSIAN,2,Red
13/03/2019 21:48,13/03/2019 21:49,49,1,24,36,16,30,36,35,36,37,A2PB1I8JWNLJ70,4,White
13/03/2019 21:48,13/03/2019 21:49,35,1,27,35,17,32,38,38,38,38,A3PTO0DMF57GDG,3,White
13/03/2019 21:48,13/03/2019 21:49,32,1,18,34,18,34,34,34,34,34,A2SSDWL47X3DXF,5,White
13/03/2019 21:48,13/03/2019 21:49,50,1,12,28,18,31,34,35,34,36,AROZ6EDDUGTLP,1,Red
13/03/2019 21:48,13/03/2019 21:49,43,1,14,36,15,38,34,34,34,34,A3MBZBRLV92W6,1,White
13/03/2019 21:48,13/03/2019 21:49,69,1,17,30,13,34,34,37,37,38,AIW85EF59VCQO,4,White
13/03/2019 21:48,13/03/2019 21:49,39,1,17,32,19,33,36,37,36,37,A2O8PM0T20UZE3,2,White
13/03/2019 21:48,13/03/2019 21:49,72,1,22,27,17,33,35,35,37,37,A1RJ2LORL5PJHS,0,Red
13/03/2019 21:48,13/03/2019 21:49,42,1,22,28,18,32,36,36,36,36,ADAQIHMKC6NVC,0,Red
13/03/2019 21:48,13/03/2019 21:49,32,1,18,34,18,36,37,37,37,37,AM4RUMMB8CE8L,3,White
13/03/2019 21:48,13/03/2019 21:49,45,1,15,32,16,38,35,35,35,35,A3KF6O09H04SP7,4,Red
13/03/2019 21:48,13/03/2019 21:49,26,1,19,35,22,27,37,37,37,37,A171S8E9IFSHH2,2,White
13/03/2019 21:48,13/03/2019 21:49,80,1,19,32,21,32,37,37,37,37,A36N7DIMV383CS,2,White
13/03/2019 21:48,13/03/2019 21:49,76,1,17,39,22,32,38,37,35,34,A6TSV1WPP3GG3,3,Red
13/03/2019 21:48,13/03/2019 21:49,70,1,14,38,17,36,35,35,37,37,A32W1IA1QAENTB,3,Red
13/03/2019 21:49,13/03/2019 21:49,22,1,16,32,18,33,37,37,37,37,A3375OEBUILSJS,2,Red
13/03/2019 21:49,13/03/2019 21:49,25,1,8,23,13,28,35,35,35,35,AIUKV0KVALMY6,5,White
13/03/2019 21:48,13/03/2019 21:49,49,1,18,36,16,36,37,35,37,35,A2LZ8CUUOZK2NG,1,Red
13/03/2019 21:48,13/03/2019 21:49,67,1,17,34,19,34,35,35,35,35,ANBWJZYU2A68T,2,White
13/03/2019 21:48,13/03/2019 21:49,45,1,19,37,22,27,35,35,35,35,A4J4F09IN9DJW,3,White
13/03/2019 21:48,13/03/2019 21:49,58,1,22,27,18,34,34,34,37,38,A3TBA7X9EF16W6,0,Red
13/03/2019 21:48,13/03/2019 21:49,49,1,17,31,18,33,34,35,37,38,A2N2GFB33ZMYGF,0,White
13/03/2019 21:48,13/03/2019 21:49,39,1,17,33,17,31,36,37,35,35,A1RLZ5BBJBHZNM,3,White
13/03/2019 21:48,13/03/2019 21:49,47,1,17,32,19,30,34,35,34,35,A17SIN9Y5GGOF6,5,White
13/03/2019 21:48,13/03/2019 21:49,51,1,14,38,22,33,34,37,34,34,AXQKGVWRFYMM,1,White
13/03/2019 21:48,13/03/2019 21:49,49,1,21,38,27,49,37,34,36,35,AK8OOYYYKZF9V,2,White
13/03/2019 21:49,13/03/2019 21:49,35,1,16,33,15,31,37,37,38,38,A394JO4NEPCY3M,4,White
13/03/2019 21:48,13/03/2019 21:49,45,1,22,30,14,34,34,34,38,39,AK47FLPTKZR5G,4,Red
13/03/2019 21:49,13/03/2019 21:49,33,1,17,34,18,38,35,35,35,35,A1Y6V0OVEUTE8S,5,Red
13/03/2019 21:49,13/03/2019 21:49,19,1,19,33,20,34,36,35,36,35,AK35CJJEYFVYK,2,Red
13/03/2019 21:48,13/03/2019 21:49,72,1,22,29,18,33,35,37,37,37,ALUKD738FTTZW,5,Red
13/03/2019 21:48,13/03/2019 21:49,49,1,15,32,16,31,33,33,33,33,A1VPQJR2V850OM,2,Red
13/03/2019 21:49,13/03/2019 21:49,34,1,24,28,13,33,34,34,37,38,A2ONILC0LZKG6Y,0,Red
13/03/2019 21:48,13/03/2019 21:49,68,1,14,37,11,35,35,34,37,37,A2G9163W7Y67UD,1,White
13/03/2019 21:49,13/03/2019 21:49,48,1,16,39,18,32,36,36,36,36,APJJ1HHD2GGFS,5,Red
13/03/2019 21:49,13/03/2019 21:49,48,1,16,34,18,38,37,37,36,35,A1EHACCUXENKC4,4,White
13/03/2019 21:49,13/03/2019 21:49,38,1,23,28,18,33,34,33,37,38,A1YN3AGDWAB1ZE,0,White
13/03/2019 21:48,13/03/2019 21:50,62,1,18,28,17,34,35,37,37,38,A24U4V1X87FO7B,0,Red
13/03/2019 21:48,13/03/2019 21:50,69,1,13,45,13,43,36,36,36,36,A1OZN075MPLC9V,1,Red
13/03/2019 21:49,13/03/2019 21:50,44,1,18,34,16,38,35,35,37,37,AHIJACUG7ZL9B,4,Red
13/03/2019 21:49,13/03/2019 21:50,48,1,15,37,17,34,37,37,35,35,A2UF2FRGVW4T89,1,White
13/03/2019 21:48,13/03/2019 21:50,69,1,17,34,17,31,34,35,35,34,AI6KURCLYS8ZF,5,Red
13/03/2019 21:49,13/03/2019 21:50,19,1,16,32,16,32,34,34,34,34,A3AGQ2G8QI59EG,4,White
13/03/2019 21:49,13/03/2019 21:50,42,1,24,27,18,37,34,35,38,39,A1B1MSMA5GWPUA,0,Red
13/03/2019 21:48,13/03/2019 21:50,94,1,19,30,34,17,33,33,34,34,AVN43JD5CFB19,3,Red
13/03/2019 21:49,13/03/2019 21:50,40,1,17,30,32,19,35,37,34,34,A3B9OZQTE4US3T,0,White
13/03/2019 21:49,13/03/2019 21:50,41,1,12,32,10,34,37,38,37,38,A1BNEJ2Q76JNF3,5,White
13/03/2019 21:49,13/03/2019 21:50,39,1,17,34,23,29,37,37,35,35,ANT47ILQZVH34,3,White
13/03/2019 21:49,13/03/2019 21:50,41,1,17,42,24,38,34,35,35,34,AB32A16WBEV84,5,White
13/03/2019 21:49,13/03/2019 21:50,62,1,18,32,21,33,34,37,34,36,A12NO2MNOIREXA,3,White
13/03/2019 21:49,13/03/2019 21:50,37,1,20,29,18,31,36,35,37,37,A2B2HQHFBYLTXU,0,Red
13/03/2019 21:49,13/03/2019 21:50,49,1,15,38,17,37,35,38,34,33,A27OFCQG73Z4UF,1,Red
13/03/2019 21:49,13/03/2019 21:50,65,1,17,34,19,34,34,35,34,35,A1HMO9XPRPUPWJ,2,White
13/03/2019 21:49,13/03/2019 21:50,24,1,14,33,14,31,38,37,38,38,A2WJ1KQW2UBTG6,1,Red
13/03/2019 21:49,13/03/2019 21:50,46,1,17,35,18,34,34,35,37,35,A3GIUQWKV7LC0Q,2,Red
13/03/2019 21:49,13/03/2019 21:50,72,1,14,36,13,30,36,35,36,35,A9I170BQRL0LK,4,Red
13/03/2019 21:50,13/03/2019 21:50,16,1,22,36,24,35,36,36,36,36,A1RAMKQ7DTZSY9,4,White
13/03/2019 21:49,13/03/2019 21:50,39,1,17,35,15,35,37,35,35,34,A2WP04RFZ9STGJ,4,Red
13/03/2019 21:48,13/03/2019 21:50,124,1,17,32,24,28,38,38,35,35,A3KB9R1IGO61Q9,3,White
13/03/2019 21:49,13/03/2019 21:50,29,1,18,32,18,32,37,37,35,34,A23954R5J40QR0,2,Red
13/03/2019 21:49,13/03/2019 21:50,40,1,18,35,21,35,38,38,38,37,APEBCYUUWHOGA,1,White
13/03/2019 21:50,13/03/2019 21:50,27,1,24,27,24,27,35,37,37,37,A1HJ0H8F7B9B2Z,0,White
13/03/2019 21:49,13/03/2019 21:50,81,1,17,34,18,34,35,37,35,37,A36UZHVNGAP6R6,2,Red
13/03/2019 21:49,13/03/2019 21:50,39,1,18,34,24,28,39,38,34,34,A1PUE304Y56H1C,3,Red
13/03/2019 21:49,13/03/2019 21:50,58,1,21,34,19,34,35,35,37,37,A2O6PAGWZW1RDR,2,Red
13/03/2019 21:50,13/03/2019 21:50,35,1,20,34,21,33,37,38,38,38,A1KHRQ121JTDF6,1,White
13/03/2019 21:49,13/03/2019 21:50,67,1,17,34,18,34,36,37,36,35,A3NMC1E54BML7K,5,Red
13/03/2019 21:49,13/03/2019 21:50,51,1,13,38,15,36,38,38,33,35,A1WH32GYQOHIRQ,1,White
13/03/2019 21:49,13/03/2019 21:50,51,1,22,36,17,44,37,38,37,38,ABLT53NSRM6RW,0,Red
13/03/2019 21:50,13/03/2019 21:50,39,1,13,38,18,34,38,37,38,38,A105ZM9O4FKQIS,1,Red
13/03/2019 21:50,13/03/2019 21:50,43,1,13,33,21,29,38,38,38,38,AMOO2P3A36ULC,3,White
13/03/2019 21:50,13/03/2019 21:50,35,1,18,34,14,38,35,36,38,38,A1GVTH5YS3WOK0,4,White
13/03/2019 21:50,13/03/2019 21:50,32,1,17,34,18,34,37,37,38,38,A3TZNS3TG01U9B,2,White
13/03/2019 21:50,13/03/2019 21:50,54,1,20,30,20,25,38,38,38,37,A1HNR6OIRFCEHS,3,White
13/03/2019 21:50,13/03/2019 21:51,45,1,17,29,19,34,35,36,36,37,A3G8OON0TDPN1E,2,Red
13/03/2019 21:50,13/03/2019 21:51,47,1,13,35,19,34,36,37,36,37,A23XR87ATML7A2,1,Red
13/03/2019 21:50,13/03/2019 21:51,35,1,16,33,13,34,38,38,35,34,A27Y4NEIQQH00M,4,White
13/03/2019 21:50,13/03/2019 21:51,48,1,21,28,17,34,37,37,38,37,A1C8P0NH84SQ76,0,Red
13/03/2019 21:48,13/03/2019 21:51,146,1,18,33,17,34,38,35,35,35,A31898LQJO7I3,2,Red
13/03/2019 21:50,13/03/2019 21:51,68,1,15,39,15,38,37,37,37,37,A3P74FP62XNVYI,1,Red
13/03/2019 21:50,13/03/2019 21:51,57,1,19,48,21,45,38,37,38,37,A2MCHM4AYLASQO,0,Red
13/03/2019 21:50,13/03/2019 21:51,59,1,15,31,17,33,37,37,35,35,A2UIRQTM2V9F7V,0,Red
13/03/2019 21:50,13/03/2019 21:51,41,1,14,38,13,44,37,37,37,36,A1S6C6EN8MPKC3,4,Red
13/03/2019 21:50,13/03/2019 21:51,57,1,18,48,15,50,38,37,37,38,A31S053JMDDAWX,0,Red
13/03/2019 21:51,13/03/2019 21:51,43,1,19,33,17,32,35,35,35,35,A30MV0KUL3NC1,4,Red
13/03/2019 21:52,13/03/2019 21:52,11,1,20,35,20,35,35,36,35,36,A24HG5ETSQ39EO,2,White
13/03/2019 21:51,13/03/2019 21:52,50,1,18,34,17,33,38,36,38,37,A1VBZWAHLWQMXM,3,Red
13/03/2019 21:51,13/03/2019 21:52,25,1,19,38,17,39,37,37,37,37,AGLY8XF1SIZSV,1,White
13/03/2019 21:51,13/03/2019 21:52,74,1,16,34,14,36,36,37,36,37,A3F3B1H704Q751,4,White
13/03/2019 21:51,13/03/2019 21:52,39,1,20,29,17,30,35,35,37,37,A2VE5IV9OD2SK1,0,White
13/03/2019 21:51,13/03/2019 21:52,73,1,18,30,18,35,38,38,39,38,A1PZ1O1CUYH4RI,5,White
13/03/2019 21:52,13/03/2019 21:52,23,1,16,36,19,36,37,37,37,37,A1H4GJFI4NJWKV,1,White
13/03/2019 21:48,13/03/2019 21:52,244,1,50,20,50,20,35,38,35,38,A1J53RCE5Y2KA4,2,White
13/03/2019 21:52,13/03/2019 21:52,26,1,15,36,13,37,34,34,34,34,A2G4PA35IX5RIA,4,Red
13/03/2019 21:50,13/03/2019 21:52,133,1,17,32,23,35,36,36,36,36,A1XHJZQOOT8S7K,5,White
13/03/2019 21:51,13/03/2019 21:52,58,1,18,34,18,36,33,33,36,36,A2VDGWD0BBMSP2,5,Red
13/03/2019 21:51,13/03/2019 21:52,70,1,17,34,18,35,37,38,37,38,A3BTK49X4ITNXJ,3,Red
13/03/2019 21:52,13/03/2019 21:53,54,1,17,29,22,34,37,38,38,38,A1F4TB5AD4LKLO,5,Red
13/03/2019 21:52,13/03/2019 21:53,39,1,17,34,17,32,37,37,37,37,A1ZDR2UN7M92LI,2,Red
13/03/2019 21:52,13/03/2019 21:53,66,1,17,32,18,31,37,37,37,37,A3K6NI3B84FUVP,5,White
13/03/2019 21:51,13/03/2019 21:53,130,1,19,25,19,25,36,36,36,36,A1WMOJNU4FFQY8,3,White
13/03/2019 21:52,13/03/2019 21:54,152,1,20,29,17,32,36,36,36,36,A1V6MSOA8YFN32,5,Red
13/03/2019 21:54,13/03/2019 21:54,44,1,13,34,15,37,37,38,39,38,A1S4KFC44OZOZW,4,Red
13/03/2019 21:53,13/03/2019 21:54,56,1,17,33,17,33,38,36,36,36,A3POD149IG0DIW,3,Red
13/03/2019 21:53,13/03/2019 21:55,105,1,18,30,20,29,36,38,38,38,AT0ZDYO3A510P,2,White
13/03/2019 21:53,13/03/2019 21:55,80,1,17,34,23,28,38,38,35,34,A2V3ECGQQYNO85,3,White
13/03/2019 21:54,13/03/2019 21:55,43,1,17,32,23,36,36,36,36,38,A2BQ5SX50WYNUT,3,Red
13/03/2019 21:55,13/03/2019 21:55,41,1,23,26,17,33,34,35,38,38,A1QHPTK8NV3IBQ,0,White
13/03/2019 21:56,13/03/2019 21:56,26,1,17,28,15,29,36,36,36,36,AGDJB8B8CDZ71,2,Red
13/03/2019 21:56,13/03/2019 21:56,48,1,18,38,12,35,37,37,37,37,A3O0ZQMDKOKAMR,1,White
13/03/2019 21:56,13/03/2019 21:57,36,1,17,33,19,34,38,38,38,38,A2IKZUG69SPJXO,3,White
13/03/2019 21:57,13/03/2019 21:57,31,1,16,34,14,38,37,35,37,37,A3QNCW3LR2AVOV,4,Red
13/03/2019 21:55,13/03/2019 21:57,134,1,18,32,18,34,38,38,38,38,A1RATFICCKLCQ,5,Red
13/03/2019 21:48,13/03/2019 21:58,614,1,17,34,19,32,37,38,38,39,A3AGF9EJPNNZH5,3,Red
13/03/2019 21:58,13/03/2019 21:58,37,1,17,34,19,33,38,39,38,39,A1IV1O890FN1QA,5,White
13/03/2019 21:57,13/03/2019 21:58,67,1,13,32,20,32,35,35,35,35,A1QJ2VPPZG16EG,0,White
13/03/2019 22:00,13/03/2019 22:00,34,1,18,36,17,38,37,37,37,37,AGX171Q54YXPI,4,Red
13/03/2019 21:58,13/03/2019 22:00,129,1,13,37,17,34,38,35,34,34,A3JZLYQ606HJJR,1,Red
13/03/2019 22:00,13/03/2019 22:01,57,1,23,28,21,32,39,39,39,39,A1KZ21TSAYUHO4,5,White
13/03/2019 22:01,13/03/2019 22:02,27,1,13,37,15,37,34,35,34,35,A9WIOFVRSYW3L,1,White
13/03/2019 22:02,13/03/2019 22:03,47,1,18,36,18,36,34,34,34,34,A49WTQG4MBT9Z,2,White
13/03/2019 22:02,13/03/2019 22:03,41,1,25,28,17,28,37,36,37,36,AD5KX0FCU11GZ,0,Red
13/03/2019 22:04,13/03/2019 22:05,33,1,17,33,19,30,38,38,38,38,A29DTOJJVU7GCA,5,Red
13/03/2019 22:04,13/03/2019 22:05,60,1,19,38,17,28,37,37,35,35,A26HH5XUH214F7,1,Red
13/03/2019 22:06,13/03/2019 22:07,28,1,13,35,16,38,37,38,35,35,A17FDM5CXENC1O,1,Red
13/03/2019 22:07,13/03/2019 22:08,48,1,18,27,13,34,34,34,34,34,A1FHVIOYWEAWTM,0,White
13/03/2019 22:09,13/03/2019 22:09,35,1,16,26,13,36,33,33,35,35,A2ILUP6FN8HKKC,4,Red
13/03/2019 22:09,13/03/2019 22:09,42,1,17,42,22,36,34,34,34,34,A21XG1MW1PW6TP,3,Red
13/03/2019 22:09,13/03/2019 22:10,47,1,18,34,18,33,37,37,37,37,A3BBGFC0RG39HK,5,White
13/03/2019 22:11,13/03/2019 22:11,26,1,22,34,18,38,37,34,37,35,A3543E6G5XM2A0,3,Red
13/03/2019 22:12,13/03/2019 22:12,39,1,17,35,25,35,37,36,37,37,A3HL2LL0LEPZT8,0,White
13/03/2019 22:12,13/03/2019 22:13,25,1,14,37,12,28,33,33,33,33,A1AQQFJAF8CI4H,1,White
13/03/2019 22:14,13/03/2019 22:14,30,1,17,36,19,32,34,35,35,35,A2AOD3GOS9NKFC,4,Red
13/03/2019 22:14,13/03/2019 22:14,44,1,17,34,17,32,38,38,35,36,AIJ9F4X8PE0VW,3,Red
13/03/2019 22:14,13/03/2019 22:14,19,1,17,34,18,30,33,33,34,34,AYPOAY43REHC8,2,White
13/03/2019 22:15,13/03/2019 22:15,26,1,10,50,10,50,37,38,36,36,A1KAIOBTXQ77A6,2,Red
13/03/2019 22:14,13/03/2019 22:15,68,1,17,29,17,34,35,35,35,35,A2SM1GBN4ARGM4,5,Red
13/03/2019 22:17,13/03/2019 22:18,54,1,13,37,15,35,35,35,34,34,A27NBGO9FXJS8Q,1,Red
13/03/2019 22:18,13/03/2019 22:18,22,1,21,36,18,34,37,37,35,35,A37VN02VTEQIQ7,2,Red
13/03/2019 22:18,13/03/2019 22:20,93,1,23,34,25,35,34,38,34,36,A3180VXVP8MOIH,0,White
13/03/2019 22:20,13/03/2019 22:21,39,1,18,36,13,39,37,35,38,37,AGC307XG0RIR4,4,White
13/03/2019 22:21,13/03/2019 22:22,66,1,18,32,22,28,38,38,34,34,A4E1UYPDHE8D8,3,Red
13/03/2019 22:21,13/03/2019 22:22,60,1,17,34,19,32,36,37,36,37,A2WD7K61WGL37E,5,White
13/03/2019 22:21,13/03/2019 22:22,53,1,22,33,19,37,34,37,34,37,A2YGAEODJ5SSF6,2,White
13/03/2019 22:22,13/03/2019 22:23,28,1,22,29,20,31,35,37,37,35,ASAAL9165IX44,1,Red
13/03/2019 22:23,13/03/2019 22:24,22,1,17,38,18,32,35,35,35,35,A12VQHPT0YHMIS,4,White
13/03/2019 22:22,13/03/2019 22:25,152,1,17,33,21,27,39,38,35,34,A1S315FYTGY9GL,3,Red
13/03/2019 22:28,13/03/2019 22:28,47,1,19,28,18,33,33,34,33,34,A3W1CKM4PBLRC0,0,White
13/03/2019 22:27,13/03/2019 22:29,101,1,17,34,23,28,38,38,34,34,A1HKCTDOTL6C9I,3,Red
13/03/2019 22:29,13/03/2019 22:29,23,1,17,27,17,34,36,36,36,36,A2MKXI4KCRRI7Y,2,White
13/03/2019 22:30,13/03/2019 22:30,22,1,13,34,14,38,37,36,38,38,A3OW5EFQ5QFD19,4,White
13/03/2019 22:30,13/03/2019 22:31,51,1,18,34,19,29,37,37,36,36,A1V2H0UF94ATWY,5,Red
13/03/2019 22:31,13/03/2019 22:32,55,1,13,36,19,39,35,36,35,35,A12EQIULBHM4HJ,1,Red
13/03/2019 22:31,13/03/2019 22:32,66,1,13,29,13,29,36,36,36,36,A1G2U62KJ13ZF0,1,White
13/03/2019 22:29,13/03/2019 22:32,199,1,18,28,24,28,38,38,34,34,A17RQSR6RI7N4N,3,Red
13/03/2019 22:31,13/03/2019 22:33,119,1,24,28,18,34,34,35,39,39,A3BHRFFG75X3GO,0,White
13/03/2019 22:33,13/03/2019 22:34,31,1,17,32,20,28,37,37,34,34,A30QJ6OLAICVI7,3,White
13/03/2019 22:34,13/03/2019 22:34,36,1,22,33,23,32,35,36,35,37,A1QEQOI98976S0,5,White
13/03/2019 22:34,13/03/2019 22:35,67,1,17,36,16,33,35,37,35,37,A1EKUJGMFDI1RZ,4,Red
13/03/2019 22:34,13/03/2019 22:35,35,1,15,30,17,32,38,37,36,35,A1GS5CF02OYOV1,1,Red
13/03/2019 22:35,13/03/2019 22:36,39,1,17,33,19,32,37,37,35,35,AVXEDARJC5HLU,2,White
13/03/2019 22:32,13/03/2019 22:36,232,1,4,2,3,2,37,38,38,37,A2GUDORXJDFVX,5,Red
13/03/2019 22:36,13/03/2019 22:36,13,1,19,29,20,29,38,36,38,38,A1PUHCEBSOWETV,4,Red
13/03/2019 22:35,13/03/2019 22:36,61,1,19,33,23,29,38,38,35,35,A1CUGWGAVOV7YF,3,Red
13/03/2019 22:37,13/03/2019 22:37,23,1,17,33,19,34,35,35,35,35,A2D5U0AACT6WS1,5,White
13/03/2019 22:37,13/03/2019 22:38,44,1,22,28,17,35,35,34,38,38,ALV4DAF8DIJ37,0,Red
13/03/2019 22:37,13/03/2019 22:38,70,1,18,33,17,38,34,38,38,37,A3AO6M3YRN6PVV,1,White
13/03/2019 22:38,13/03/2019 22:39,39,1,17,31,18,25,36,37,35,36,A247PDSKLZU86P,2,White
13/03/2019 22:38,13/03/2019 22:39,24,1,13,33,12,30,36,36,38,38,A2SWQM5X54P1O5,2,Red
13/03/2019 22:39,13/03/2019 22:40,46,1,13,33,15,38,34,35,34,34,AJY3TK15330KW,1,Red
13/03/2019 22:40,13/03/2019 22:42,105,1,17,50,22,45,37,38,36,37,A1IBQ7MUUTWLS9,2,White
13/03/2019 22:42,13/03/2019 22:43,69,1,17,33,22,29,37,38,37,37,A3MD34XEB4H6JF,5,White
13/03/2019 22:44,13/03/2019 22:44,44,1,14,27,17,33,35,35,36,37,A3CDJ8PZX578GQ,0,Red
13/03/2019 22:46,13/03/2019 22:47,87,1,18,35,17,34,36,36,36,36,A2RW3D2X07UKO3,1,Red
13/03/2019 22:47,13/03/2019 22:47,40,1,21,36,20,29,33,33,33,33,A3HXCMU4MOPSQI,2,White
13/03/2019 22:47,13/03/2019 22:48,39,1,16,28,15,35,36,35,37,37,A1EITLFAMKA61U,4,Red
13/03/2019 22:47,13/03/2019 22:48,32,1,17,34,24,27,38,39,35,35,A1V0RDWOXP8N7,3,White
13/03/2019 22:47,13/03/2019 22:48,33,1,18,33,18,34,37,38,36,38,AEWT71858NL5V,5,Red
13/03/2019 22:49,13/03/2019 22:49,24,1,18,38,22,32,37,37,35,35,A3UFERVCN9A8IH,1,White
13/03/2019 22:49,13/03/2019 22:50,60,1,17,30,17,33,35,38,35,38,A1TGV7LT6LTIQU,2,Red
13/03/2019 22:50,13/03/2019 22:50,45,1,19,36,23,27,39,38,33,33,A309E9ZYRIL8X2,3,White
13/03/2019 22:51,13/03/2019 22:52,42,1,13,28,17,34,35,35,35,35,AWTGJ45ZWUCHH,5,Red
13/03/2019 22:51,13/03/2019 22:52,58,1,13,31,13,25,37,37,37,37,A1L6PGLE7CIS12,4,White
13/03/2019 22:58,13/03/2019 22:58,45,1,17,36,19,33,37,35,37,35,AYNUK54JG6E2H,0,Red
13/03/2019 23:01,13/03/2019 23:02,33,1,18,30,18,32,37,37,37,37,A2BZY06YRWGEDL,2,White
13/03/2019 23:02,13/03/2019 23:03,32,1,15,30,19,39,38,36,37,37,A20Z5O57UDPFLX,3,Red
13/03/2019 23:04,13/03/2019 23:04,28,1,13,31,15,32,37,36,35,34,AB66CTVQ90RCV,1,White
13/03/2019 23:04,13/03/2019 23:05,57,1,16,35,18,38,35,36,35,35,A1VWLIXBS4WDOD,4,White
13/03/2019 23:05,13/03/2019 23:05,22,1,19,35,15,28,34,34,34,34,A18G2CLYSTENK,3,Red
13/03/2019 23:05,13/03/2019 23:06,45,1,17,32,17,34,37,35,37,35,ANKUCF96A2F1W,5,Red
13/03/2019 23:06,13/03/2019 23:07,43,1,20,27,17,33,35,36,37,38,A3CWEIEY3TGJFX,0,White
13/03/2019 23:17,13/03/2019 23:18,28,1,17,29,17,29,36,37,36,37,A3K78ZN2UFJ2W7,0,White
13/03/2019 23:18,13/03/2019 23:19,41,1,12,32,14,34,38,34,34,34,A38R7SIVV118KT,4,White
13/03/2019 23:19,13/03/2019 23:19,38,1,17,34,18,33,35,35,35,35,A3862RIFFUV141,2,Red
13/03/2019 23:19,13/03/2019 23:20,41,1,17,33,12,33,38,38,35,35,A144T42X6B04VA,3,Red
13/03/2019 23:19,13/03/2019 23:20,38,1,17,31,18,33,35,35,37,37,A1B179AI3LZKWS,0,Red
13/03/2019 23:19,13/03/2019 23:20,40,1,17,31,18,33,35,35,37,35,A1U9ZW9SEWWLJ0,5,Red
13/03/2019 23:18,13/03/2019 23:20,121,1,18,35,17,34,36,36,36,36,A3JPL5O4IH479O,5,Red
13/03/2019 23:19,13/03/2019 23:20,59,1,7,31,10,37,37,37,34,34,A3LYTS9S2XD704,4,White
13/03/2019 23:20,13/03/2019 23:21,108,1,17,33,17,34,36,36,36,36,A3DNFIQGSB5M5Q,1,White
13/03/2019 23:26,13/03/2019 23:27,53,1,17,34,18,27,34,37,34,37,AZ4GLLVGQDYDF,3,White
13/03/2019 23:34,13/03/2019 23:35,63,1,18,38,16,38,37,38,36,37,A1QYGPU1NDUMWW,4,White
13/03/2019 23:35,13/03/2019 23:36,48,1,17,38,19,17,37,37,37,35,A24WEWMLNX6GIF,5,Red
13/03/2019 23:40,13/03/2019 23:40,30,1,26,38,13,35,35,36,37,36,AG7C4X3WKKBV,0,Red
13/03/2019 23:42,13/03/2019 23:43,50,1,17,38,17,35,37,37,37,37,A1WL3NZ50YEOWP,1,White
13/03/2019 23:44,13/03/2019 23:44,18,1,22,24,23,27,37,37,37,38,A2TCOV49RNTECD,3,Red
13/03/2019 23:43,13/03/2019 23:45,115,1,18,46,10,36,35,37,35,37,A1VEEZ5D9WXZIV,2,White
13/03/2019 23:50,13/03/2019 23:51,53,1,10,23,20,32,37,38,37,37,A2UV3Y9U12E94Z,5,White
13/03/2019 23:58,13/03/2019 23:59,48,1,17,34,17,36,34,34,34,34,A3P5WIW36V70AI,1,Red
14/03/2019 00:15,14/03/2019 00:16,20,1,24,30,25,31,38,38,38,38,A6ZAKE3FP8YKY,2,Red
14/03/2019 00:16,14/03/2019 00:16,27,1,17,34,23,28,38,38,35,34,A49HPQ9P5AHU4,3,White
14/03/2019 00:35,14/03/2019 00:35,32,1,13,36,11,38,37,34,37,36,A2I6ZALE49CVSC,4,White
14/03/2019 00:44,14/03/2019 00:44,29,1,17,34,18,33,37,36,36,36,A3UQ9R1VDVVQKR,5,Red
14/03/2019 01:09,14/03/2019 01:09,24,1,20,40,24,45,36,37,37,36,A3BXT78QXFC6F3,0,Red
14/03/2019 02:01,14/03/2019 02:01,30,1,21,41,29,49,35,35,35,35,A31JM9RECQGYEX,1,White
