StartDate,EndDate,Duration (in seconds),Finished,ResponseId,Age,Gender,TInstruc_First Click,TInstruc_Last Click,TInstruc_Page Submit,TInstruc_Click Count,TAuction1_First Click,TAuction1_Last Click,TAuction1_Page Submit,TAuction1_Click Count,TAuction2_First Click,TAuction2_Last Click,TAuction2_Page Submit,TAuction2_Click Count,TAuction3_First Click,TAuction3_Last Click,TAuction3_Page Submit,TAuction3_Click Count,1_Bid,1_T,2_Bid,2_T,3_Bid,3_T,4_Bid,4_T,5_Bid,5_T,6_Bid,6_T,7_Bid,7_T,8_Bid,8_T,9_Bid,9_T,10_Bid,10_T,MaxBid,GetCard,GetCash,prices,prices_amazon,prices_wholefoods,EndLoop,dispersion
22/04/2020 00:06,22/04/2020 00:09,182,1,R_cSlJvK8sPf62e09,20,4,0,0,2.532,0,0,0,13.489,0,0,0,5.483,0,0,0,4.482,0,40,1,,,,,,,,,,,,,,,,,,,52,1,18,"37,34,29,35,33,32,34,33,34,31,36,27,28,31,33,32,30,32,35,32,29,30,30,32,31,14,37,22,27,42,40,25,28,36,35,43,29,18,34,26,21,24,30,46,39,33,38,32,50,31",31;32;30;30;29;32;35;32;30;32;33;31;28;27;36;31;34;33;34;32;33;35;29;34;37,31;50;32;38;33;39;46;30;24;21;26;34;18;29;43;35;36;28;25;40;42;27;22;37;14,1,higher
22/04/2020 00:06,22/04/2020 00:10,226,1,R_3Rl3zi1Ppn6D0CJ,18,4,0,0,6.761,0,0,0,11.981,0,0,0,10.402,0,0,0,9.922,0,31,1,,,,,,,,,,,,,,,,,,,37,1,50,"31,34,29,29,31,32,33,33,32,32,37,36,34,31,28,30,34,32,33,30,27,35,35,32,30,31,33,32,32,33,30,33,34,32,31,33,33,31,32,32,32,31,33,30,34,31,32,32,32,31",30;32;35;35;27;30;33;32;34;30;28;31;34;36;37;32;32;33;33;32;31;29;29;34;31,31;32;32;32;31;34;30;33;31;32;32;32;31;33;33;31;32;34;33;30;33;32;32;33;31,1,lower
22/04/2020 00:06,22/04/2020 00:11,255,1,R_2UVewecaM5pNubg,20,4,0,0,13.794,0,0,0,14.413,0,0,0,10.877,0,0,0,25.49,0,50,1,,,,,,,,,,,,,,,,,,,38,1,50,"30,30,30,29,35,28,37,32,31,29,34,35,36,31,27,32,32,33,33,34,32,33,31,34,32,32,31,33,33,32,32,32,32,33,31,33,32,30,33,31,32,34,32,30,31,32,33,34,31,31",32;34;31;33;32;34;33;33;32;32;27;31;36;35;34;29;31;32;37;28;35;29;30;30;30,31;31;34;33;32;31;30;32;34;32;31;33;30;32;33;31;33;32;32;32;32;33;33;31;32,1,lower
22/04/2020 00:07,22/04/2020 00:11,277,1,R_UmvghLtS4yizgL7,18,4,4.566,14.454,63.856,6,0,0,8.837,0,4.578,6.681,11.539,2,10.466,13.45,15.66,2,42,1,,,,,,,,,,,,,,,,,,,37,1,10,"31,35,34,32,32,36,30,30,29,29,31,31,34,37,33,32,28,32,33,32,35,27,30,34,33,18,28,38,30,50,26,29,24,27,22,39,35,37,14,31,46,33,32,43,42,40,34,36,21,25",33;34;30;27;35;32;33;32;28;32;33;37;34;31;31;29;29;30;30;36;32;32;34;35;31,25;21;36;34;40;42;43;32;33;46;31;14;37;35;39;22;27;24;29;26;50;30;38;28;18,1,higher
22/04/2020 00:10,22/04/2020 00:13,183,1,R_4UXvNqMhpyutbIB,20,4,0,0,3,0,0,0,1.148,0,0,0,1.233,0,0,0,1.046,0,60,1,,,,,,,,,,,,,,,,,,,40,1,18,"30,31,37,29,32,32,32,33,30,36,28,33,27,32,32,34,34,31,35,29,31,30,33,34,35,37,33,30,22,27,31,34,35,24,38,50,25,28,29,42,36,26,32,39,21,40,14,18,46,43",35;34;33;30;31;29;35;31;34;34;32;32;27;33;28;36;30;33;32;32;32;29;37;31;30,43;46;18;14;40;21;39;32;26;36;42;29;28;25;50;38;24;35;34;31;27;22;30;33;37,1,higher
22/04/2020 00:10,22/04/2020 00:14,226,1,R_eRPlwJbVNWG3wNb,20,4,0,0,58.879,0,0,0,10.586,0,0,0,8.625,0,0,0,4.263,0,37,1,,,,,,,,,,,,,,,,,,,36,1,0,"31,30,33,37,34,34,32,30,35,32,32,36,31,29,35,34,33,31,29,32,30,33,32,28,27,31,30,34,33,33,34,32,32,32,33,32,33,33,31,32,33,30,32,32,31,31,31,32,32,31",27;28;32;33;30;32;29;31;33;34;35;29;31;36;32;32;35;30;32;34;34;37;33;30;31,31;32;32;31;31;31;32;32;30;33;32;31;33;33;32;33;32;32;32;34;33;33;34;30;31,1,lower
22/04/2020 00:16,22/04/2020 00:19,168,1,R_3kKUzn7yEK903dc,19,4,0,0,2.722,0,0,0,9.968,0,0,0,1.124,0,0,0,1.768,0,60,1,,,,,,,,,,,,,,,,,,,38,1,60,"33,34,32,29,37,32,32,34,35,31,36,34,31,33,27,30,35,33,32,32,28,31,30,30,29,31,31,33,33,30,31,31,30,32,32,33,34,34,32,33,31,32,32,32,32,32,33,31,33,32",29;30;30;31;28;32;32;33;35;30;27;33;31;34;36;31;35;34;32;32;37;29;32;34;33,32;33;31;33;32;32;32;32;32;31;33;32;34;34;33;32;32;30;31;31;30;33;33;31;31,1,lower
22/04/2020 00:14,22/04/2020 00:19,319,1,R_1qaZzCHY7POoqIR,20,5,0,0,110.562,0,0,0,11.909,0,0,0,6.292,0,0,0,13.185,0,38,1,,,,,,,,,,,,,,,,,,,37,1,10,"33,30,29,34,32,33,31,32,32,30,33,29,32,31,35,30,34,28,37,27,31,36,35,34,32,32,32,32,31,30,33,34,31,31,33,33,30,32,32,33,31,33,33,32,31,32,32,34,31,32",32;34;35;36;31;27;37;28;34;30;35;31;32;29;33;30;32;32;31;33;32;34;29;30;33,32;31;34;32;32;31;32;33;33;31;33;32;32;30;33;33;31;31;34;33;30;31;32;32;32,1,lower
22/04/2020 00:22,22/04/2020 00:32,599,1,R_3KuxnZguax5DGo5,21,4,0,0,204.103,0,0,0,19.262,0,0,0,18.09,0,0,0,28.222,0,38,1,,,,,,,,,,,,,,,,,,,37,1,10,"32,30,33,33,32,32,37,28,35,29,33,36,27,30,34,34,35,32,29,32,31,31,34,31,30,33,33,32,32,30,30,32,33,31,31,33,33,34,32,31,32,32,32,31,31,31,34,32,33,32",30;31;34;31;31;32;29;32;35;34;34;30;27;36;33;29;35;28;37;32;32;33;33;30;32,32;33;32;34;31;31;31;32;32;32;31;32;34;33;33;31;31;33;32;30;30;32;32;33;33,1,lower
22/04/2020 00:29,22/04/2020 00:34,312,1,R_1OqpBw0YmMUArrL,20,4,0,0,49.988,0,0,0,13.62,0,0,0,10.78,0,0,0,18.938,0,60,1,,,,,,,,,,,,,,,,,,,34,1,68,"37,29,30,34,34,30,33,31,34,35,36,30,35,28,31,32,31,32,33,29,32,27,32,33,32,32,33,30,32,33,31,31,32,34,32,33,32,32,31,32,32,30,31,33,33,33,31,31,32,34",32;33;32;27;32;29;33;32;31;32;31;28;35;30;36;35;34;31;33;30;34;34;30;29;37,34;32;31;31;33;33;33;31;30;32;32;31;32;32;33;32;34;32;31;31;33;32;30;33;32,1,lower
22/04/2020 00:32,22/04/2020 00:36,229,1,R_DBETA5gl52J1Kil,20,4,0,0,10.835,0,0,0,5.268,0,4.89,4.89,8.713,1,0,0,17.333,0,39,1,,,,,,,,,,,,,,,,,,,36,1,82,"29,37,33,30,35,33,32,32,28,31,29,32,36,31,33,34,32,30,34,32,34,35,27,30,31,31,31,32,30,32,33,31,30,32,33,31,34,32,33,33,33,31,32,32,32,33,34,32,32,31",31;30;27;35;34;32;34;30;32;34;33;31;36;32;29;31;28;32;32;33;35;30;33;37;29,31;32;32;34;33;32;32;32;31;33;33;33;32;34;31;33;32;30;31;33;32;30;32;31;31,1,lower
22/04/2020 00:36,22/04/2020 00:42,352,1,R_1pLtxOz9jzAPb2E,21,4,0,0,52.028,0,0,0,13.46,0,0,0,20.474,0,0,0,44.834,0,60,1,,,,,,,,,,,,,,,,,,,34,1,10,"34,35,30,30,32,30,37,31,32,32,32,27,33,31,34,29,36,32,28,35,33,29,33,34,31,30,35,25,46,24,14,28,26,33,27,37,29,43,21,42,36,40,31,34,50,39,18,32,22,38",31;34;33;29;33;35;28;32;36;29;34;31;33;27;32;32;32;31;37;30;32;30;30;35;34,38;22;32;18;39;50;34;31;40;36;42;21;43;29;37;27;33;26;28;14;24;46;25;35;30,1,higher
22/04/2020 00:42,22/04/2020 00:45,207,1,R_1OxbmPwlbfuSExh,18,4,0,0,29.611,0,0,0,5.563,0,0,0,10.688,0,0,0,16.765,0,37,1,,,,,,,,,,,,,,,,,,,37,1,10,"28,32,32,32,30,33,27,34,31,35,33,30,31,33,34,37,36,31,30,29,32,29,35,34,32,33,31,30,32,33,32,31,32,32,33,30,33,33,31,34,31,32,32,32,34,32,33,31,32,31",32;34;35;29;32;29;30;31;36;37;34;33;31;30;33;35;31;34;27;33;30;32;32;32;28,31;32;31;33;32;34;32;32;32;31;34;31;33;33;30;33;32;32;31;32;33;32;30;31;33,1,lower
22/04/2020 01:08,22/04/2020 01:14,332,1,R_R2g7nWNp9DmK5Y5,20,4,0,0,87.452,0,0,0,17.718,0,0,0,11.237,0,0,0,10.979,0,38,1,,,,,,,,,,,,,,,,,,,37,1,0,"31,32,35,31,29,30,31,30,27,32,33,32,29,37,32,34,35,28,34,36,33,34,33,32,30,32,34,33,32,32,32,33,33,32,31,33,31,32,32,32,30,33,30,31,33,31,31,32,31,34",30;32;33;34;33;36;34;28;35;34;32;37;29;32;33;32;27;30;31;30;29;31;35;32;31,34;31;32;31;31;33;31;30;33;30;32;32;32;31;33;31;32;33;33;32;32;32;33;34;32,1,lower
22/04/2020 01:15,22/04/2020 01:18,191,1,R_2EizlB5ZGlR6hRp,20,5,0,0,19.247,0,0,0,6.559,0,0,0,6.544,0,0,0,12.05,0,52,1,,,,,,,,,,,,,,,,,,,37,1,18,"34,37,36,33,34,31,32,32,32,28,34,35,31,33,30,32,33,31,29,29,30,35,30,27,32,36,43,29,38,33,37,35,24,28,30,27,21,14,40,34,39,25,26,22,18,46,32,42,50,31",32;27;30;35;30;29;29;31;33;32;30;33;31;35;34;28;32;32;32;31;34;33;36;37;34,31;50;42;32;46;18;22;26;25;39;34;40;14;21;27;30;28;24;35;37;33;38;29;43;36,1,higher
22/04/2020 01:53,22/04/2020 01:57,216,1,R_11imHPJYtSVlwfo,19,4,0,0,23.592,0,0,0,17.006,0,0,0,10.819,0,0,0,16.328,0,60,2,59,1,,,,,,,,,,,,,,,,,50,1,0,"31,32,30,35,27,33,31,33,36,32,29,34,30,29,31,32,34,37,33,30,35,32,32,34,28,37,30,25,32,24,36,38,18,50,29,28,43,35,33,26,27,21,22,40,34,46,31,39,14,42",28;34;32;32;35;30;33;37;34;32;31;29;30;34;29;32;36;33;31;33;27;35;30;32;31,42;14;39;31;46;34;40;22;21;27;26;33;35;43;28;29;50;18;38;36;24;32;25;30;37,1,higher
22/04/2020 01:55,22/04/2020 02:05,582,1,R_1i8O8i9KAiSs5kQ,28,4,0,0,216.893,0,0,0,34.085,0,0,0,19.948,0,0,0,36.749,0,39,1,,,,,,,,,,,,,,,,,,,37,1,10,"32,31,32,33,31,28,32,37,35,33,30,32,34,34,35,34,31,29,30,30,27,33,32,36,29,22,35,18,29,36,46,42,38,21,40,34,30,50,31,14,24,27,28,43,33,25,37,32,26,39",29;36;32;33;27;30;30;29;31;34;35;34;34;32;30;33;35;37;32;28;31;33;32;31;32,39;26;32;37;25;33;43;28;27;24;14;31;50;30;34;40;21;38;42;46;36;29;18;35;22,1,higher
22/04/2020 02:59,22/04/2020 03:03,247,1,R_10CoFDzO7JXvprL,22,4,0,0,38.719,0,0,0,10.952,0,0,0,8.18,0,0,0,14.349,0,52,1,,,,,,,,,,,,,,,,,,,34,1,10,"33,34,33,32,34,32,30,32,27,37,32,36,31,31,28,32,30,35,29,29,35,31,34,33,30,32,32,30,32,32,32,33,31,31,32,30,32,32,32,33,31,31,34,33,33,33,31,33,31,34",30;33;34;31;35;29;29;35;30;32;28;31;31;36;32;37;27;32;30;32;34;32;33;34;33,34;31;33;31;33;33;33;34;31;31;33;32;32;32;30;32;31;31;33;32;32;32;30;32;32,1,lower
22/04/2020 03:34,22/04/2020 03:40,330,1,R_3lJJQrvyBsPi8uN,19,5,0,0,54.079,0,0,0,17.735,0,0,0,10.625,0,0,0,15.887,0,49,1,,,,,,,,,,,,,,,,,,,47,1,10,"32,28,32,30,31,30,33,31,33,34,27,30,36,32,29,34,34,32,32,35,35,31,37,29,33,35,42,25,24,22,43,14,31,33,50,27,46,30,26,28,38,21,18,39,29,32,34,36,40,37",33;29;37;31;35;35;32;32;34;34;29;32;36;30;27;34;33;31;33;30;31;30;32;28;32,37;40;36;34;32;29;39;18;21;38;28;26;30;46;27;50;33;31;14;43;22;24;25;42;35,1,higher
22/04/2020 03:55,22/04/2020 03:59,244,1,R_2eX1i2jUzfuND8F,20,4,0,0,40.794,0,0,0,13.827,0,0,0,10.372,0,0,0,17.93,0,36,1,,,,,,,,,,,,,,,,,,,36,1,36,"29,35,34,31,33,32,30,29,35,31,36,27,32,32,30,33,32,28,34,32,31,30,33,34,37,36,34,39,18,25,22,42,43,21,35,24,32,40,26,30,14,50,29,38,46,28,27,37,33,31",37;34;33;30;31;32;34;28;32;33;30;32;32;27;36;31;35;29;30;32;33;31;34;35;29,31;33;37;27;28;46;38;29;50;14;30;26;40;32;24;35;21;43;42;22;25;18;39;34;36,1,higher
22/04/2020 04:17,22/04/2020 04:21,225,1,R_3RaPBfoygqEKCvQ,19,4,0,0,37.05,0,0,0,8.766,0,0,0,11.76,0,0,0,14.16,0,45,1,,,,,,,,,,,,,,,,,,,37,1,10,"32,30,34,33,27,31,35,34,30,32,29,37,32,30,32,33,35,33,36,28,34,31,29,32,31,42,46,24,25,36,38,50,40,34,33,21,28,29,39,31,18,22,35,30,43,26,14,37,32,27",31;32;29;31;34;28;36;33;35;33;32;30;32;37;29;32;30;34;35;31;27;33;34;30;32,27;32;37;14;26;43;30;35;22;18;31;39;29;28;21;33;34;40;50;38;36;25;24;46;42,1,higher
22/04/2020 04:22,22/04/2020 04:28,348,1,R_b9ME588MpltESGZ,19,5,41.695,47.279,80.732,2,0,0,12.218,0,0,0,5.185,0,0,0,27.492,0,40,1,,,,,,,,,,,,,,,,,,,37,1,19,"30,32,32,30,28,35,29,33,37,33,31,32,33,32,34,31,29,30,31,35,36,32,27,34,34,33,32,31,34,32,34,33,33,31,30,33,31,30,32,32,32,31,33,32,32,31,31,33,32,32",34;34;27;32;36;35;31;30;29;31;34;32;33;32;31;33;37;33;29;35;28;30;32;32;30,32;32;33;31;31;32;32;33;31;32;32;32;30;31;33;30;31;33;33;34;32;34;31;32;33,1,lower
22/04/2020 05:15,22/04/2020 05:20,264,1,R_3pg9vsYhH4m8wEv,21,4,0,0,46.436,0,2.696,4.339,11.083,3,1.849,3.098,6.538,3,1.636,2.023,18.183,2,37,1,,,,,,,,,,,,,,,,,,,36,1,18,"36,30,31,30,29,29,31,31,34,33,33,28,32,32,27,30,33,35,35,37,32,32,34,32,34,50,31,39,43,27,26,37,22,28,30,32,21,14,18,35,38,46,29,36,40,25,33,34,24,42",34;32;34;32;32;37;35;35;33;30;27;32;32;28;33;33;34;31;31;29;29;30;31;30;36,42;24;34;33;25;40;36;29;46;38;35;18;14;21;32;30;28;22;37;26;27;43;39;31;50,1,higher
22/04/2020 05:51,22/04/2020 05:55,230,1,R_3IQMhG52c5WAfQ7,21,4,0,0,22.922,0,0,0,14.483,0,0,0,9.456,0,0,0,9.947,0,39,1,,,,,,,,,,,,,,,,,,,37,1,0,"37,30,30,36,28,31,35,34,33,32,33,29,35,32,31,33,32,29,34,34,32,31,27,32,30,33,34,34,33,32,32,33,31,30,30,32,31,32,32,33,32,31,33,32,32,31,31,33,31,32",30;32;27;31;32;34;34;29;32;33;31;32;35;29;33;32;33;34;35;31;28;36;30;30;37,32;31;33;31;31;32;32;33;31;32;33;32;32;31;32;30;30;31;33;32;32;33;34;34;33,1,lower
22/04/2020 06:01,22/04/2020 06:07,393,1,R_2rBcnmLjoCXiDFU,20,4,0,0,121.219,0,0,0,16.312,0,0,0,15.729,0,0,0,25.618,0,41,1,,,,,,,,,,,,,,,,,,,38,1,10,"32,30,32,33,31,30,32,37,34,34,31,28,34,31,27,33,32,36,29,33,35,29,35,32,30,32,31,30,34,32,33,34,32,32,32,33,32,32,32,33,31,31,31,31,33,31,33,32,30,33",30;32;35;29;35;33;29;36;32;33;27;31;34;28;31;34;34;37;32;30;31;33;32;30;32,33;30;32;33;31;33;31;31;31;31;33;32;32;32;33;32;32;32;34;33;32;34;30;31;32,1,lower
22/04/2020 06:27,22/04/2020 06:31,286,1,R_d5xUcASikMPz9df,18,4,41.726,49.996,55.885,14,0.953,0.953,2.063,1,0,0,4.868,0,0,0,2.83,0,55,1,,,,,,,,,,,,,,,,,,,34,1,5,"33,29,32,31,32,35,32,36,32,28,35,27,30,31,34,30,34,32,33,37,29,30,31,33,34,33,31,32,32,31,33,32,31,34,31,32,32,33,32,34,31,32,33,30,33,32,33,30,32,31",34;33;31;30;29;37;33;32;34;30;34;31;30;27;35;28;32;36;32;35;32;31;32;29;33,31;32;30;33;32;33;30;33;32;31;34;32;33;32;32;31;34;31;32;33;31;32;32;31;33,1,lower
22/04/2020 06:37,22/04/2020 06:41,284,1,R_269jkptbuSDNeUC,18,4,12.472,49.964,56.118,12,8.171,11.837,13.074,2,5.446,5.771,7.475,2,3.573,15.526,16.387,4,36,1,,,,,,,,,,,,,,,,,,,35,1,10,"27,33,29,37,36,30,32,31,33,32,31,31,34,34,33,32,32,35,30,29,28,30,34,35,32,32,31,34,32,32,31,31,32,33,31,32,34,32,30,32,30,32,31,33,33,33,31,33,32,33",32;35;34;30;28;29;30;35;32;32;33;34;34;31;31;32;33;31;32;30;36;37;29;33;27,33;32;33;31;33;33;33;31;32;30;32;30;32;34;32;31;33;32;31;31;32;32;34;31;32,1,lower
22/04/2020 16:33,22/04/2020 16:38,281,1,R_pRASdO0B1vaoMc9,21,5,0,0,51.173,0,0,0,11.397,0,0,0,8.469,0,0,0,16.863,0,41,1,,,,,,,,,,,,,,,,,,,39,1,10,"30,27,35,34,33,37,33,32,33,31,28,32,34,32,32,32,29,35,29,30,34,36,30,31,31,26,36,37,38,22,32,50,14,34,29,33,39,18,42,24,31,43,30,28,40,35,25,46,21,27",31;31;30;36;34;30;29;35;29;32;32;32;34;32;28;31;33;32;33;37;33;34;35;27;30,27;21;46;25;35;40;28;30;43;31;24;42;18;39;33;29;34;14;50;32;22;38;37;36;26,1,higher
22/04/2020 21:15,22/04/2020 21:21,353,1,R_C9phkbkg6WjegWB,19,4,0,0,67.103,0,0,0,21.607,0,0,0,15.237,0,0,0,34.286,0,60,1,,,,,,,,,,,,,,,,,,,37,1,10,"31,29,32,34,36,34,33,30,29,31,32,31,35,30,32,32,34,35,37,32,27,28,30,33,33,39,24,29,46,42,43,50,37,34,33,27,38,35,14,22,40,26,28,25,31,32,36,21,18,30",33;33;30;28;27;32;37;35;34;32;32;30;35;31;32;31;29;30;33;34;36;34;32;29;31,30;18;21;36;32;31;25;28;26;40;22;14;35;38;27;33;34;37;50;43;42;46;29;24;39,1,higher
22/04/2020 21:39,22/04/2020 21:42,200,1,R_0VV6UOBseoQtxkZ,20,5,0,0,14.532,0,0,0,12.775,0,0,0,9.888,0,0,0,10.333,0,60,1,,,,,,,,,,,,,,,,,,,48,1,60,"30,30,29,34,31,35,34,31,29,33,35,36,28,32,30,32,33,32,32,34,37,32,33,27,31,43,32,50,14,24,22,34,35,18,40,33,29,26,31,25,27,46,42,38,21,28,30,39,37,36",31;27;33;32;37;34;32;32;33;32;30;32;28;36;35;33;29;31;34;35;31;34;29;30;30,36;37;39;30;28;21;38;42;46;27;25;31;26;29;33;40;18;35;34;22;24;14;50;32;43,1,higher
23/04/2020 00:01,23/04/2020 00:05,245,1,R_1iqhesFnLGd14Ar,19,5,0,0,48.985,0,0,0,7.87,0,0,0,4.031,0,7.15,7.15,10.652,1,38,1,,,,,,,,,,,,,,,,,,,37,1,50,"37,32,31,32,33,32,35,27,32,29,30,34,33,30,29,31,30,34,28,33,32,34,35,31,36,33,33,32,31,34,30,33,32,31,32,31,33,30,32,33,31,32,31,31,32,33,34,32,32,32",36;31;35;34;32;33;28;34;30;31;29;30;33;34;30;29;32;27;35;32;33;32;31;32;37,32;32;32;34;33;32;31;31;32;31;33;32;30;33;31;32;31;32;33;30;34;31;32;33;33,1,lower
23/04/2020 03:24,23/04/2020 03:35,673,1,R_305BbAuak53TQ0b,18,5,0,0,52.488,0,0,0,14.391,0,0,0,9.35,0,0,0,29.707,0,38,1,,,,,,,,,,,,,,,,,,,37,1,28,"34,33,35,32,29,28,32,30,35,37,30,34,34,32,32,32,31,33,33,30,29,36,31,31,27,39,34,42,24,25,40,38,30,32,37,26,50,28,14,18,33,29,27,22,46,21,35,31,36,43",27;31;31;36;29;30;33;33;31;32;32;32;34;34;30;37;35;30;32;28;29;32;35;33;34,43;36;31;35;21;46;22;27;29;33;18;14;28;50;26;37;32;30;38;40;25;24;42;34;39,1,higher
23/04/2020 05:01,23/04/2020 05:05,256,1,R_R8Gk9MOBqAOO1m9,20,5,0,0,46.473,0,0,0,15.579,0,0,0,8.819,0,0,0,19.828,0,38,1,,,,,,,,,,,,,,,,,,,37,1,18,"34,29,35,34,31,30,37,32,32,32,28,27,32,31,31,35,33,29,34,33,32,30,36,33,30,37,31,22,24,28,40,43,34,38,39,30,50,27,25,32,18,42,26,14,29,35,36,46,21,33",30;33;36;30;32;33;34;29;33;35;31;31;32;27;28;32;32;32;37;30;31;34;35;29;34,33;21;46;36;35;29;14;26;42;18;32;25;27;50;30;39;38;34;43;40;28;24;22;31;37,1,higher
23/04/2020 14:39,23/04/2020 14:45,359,1,R_27dO9vevGoz5LeM,24,4,50.876,82.483,83.321,2,0,0,33.459,0,0,0,20.537,0,0,0,19.406,0,60,1,,,,,,,,,,,,,,,,,,,50,1,10,"31,34,30,36,29,35,32,31,33,33,30,32,30,32,34,29,31,37,27,28,32,32,34,33,35,27,26,24,31,39,50,22,28,30,33,34,43,18,38,36,42,29,35,25,40,14,32,21,37,46",35;33;34;32;32;28;27;37;31;29;34;32;30;32;30;33;33;31;32;35;29;36;30;34;31,46;37;21;32;14;40;25;35;29;42;36;38;18;43;34;33;30;28;22;50;39;31;24;26;27,1,higher
23/04/2020 14:43,23/04/2020 14:50,440,1,R_3pgnXWbOXNaxczj,28,4,0,0,77.588,0,0,0,16.089,0,0,0,10.114,0,0,0,50.714,0,41,1,,,,,,,,,,,,,,,,,,,37,1,50,"34,35,27,30,28,32,32,31,32,29,33,33,36,34,30,31,29,37,32,30,35,33,32,34,31,18,34,25,26,33,40,24,38,29,30,43,37,32,50,28,42,46,27,36,21,22,35,39,31,14",31;34;32;33;35;30;32;37;29;31;30;34;36;33;33;29;32;31;32;32;28;30;27;35;34,14;31;39;35;22;21;36;27;46;42;28;50;32;37;43;30;29;38;24;40;33;26;25;34;18,1,higher
23/04/2020 22:31,23/04/2020 22:34,169,1,R_Avx7EeYzpt4XRBv,19,4,0,0,15.165,0,0,0,6.503,0,0,0,5.088,0,0,0,10.963,0,35,1,,,,,,,,,,,,,,,,,,,28,1,10,"34,30,32,35,34,31,30,29,37,30,33,31,33,35,33,28,32,32,36,31,32,32,34,27,29,31,32,32,30,32,32,32,33,33,33,31,30,32,31,33,31,31,32,32,31,33,32,33,34,34",29;27;34;32;32;31;36;32;32;28;33;35;33;31;33;30;37;29;30;31;34;35;32;30;34,34;34;33;32;33;31;32;32;31;31;33;31;32;30;31;33;33;33;32;32;32;30;32;32;31,1,lower
23/04/2020 23:57,24/04/2020 00:02,344,1,R_3IPNifyDUAF7ml6,19,5,0,0,87.974,0,0,0,20.793,0,0,0,14.23,0,0,0,26.059,0,53,1,,,,,,,,,,,,,,,,,,,47,1,10,"33,32,32,34,36,31,30,32,32,30,33,29,35,35,32,34,27,31,29,33,28,30,31,34,37,43,40,39,18,30,32,33,25,50,35,38,28,42,24,34,21,22,27,46,14,31,36,26,37,29",37;34;31;30;28;33;29;31;27;34;32;35;35;29;33;30;32;32;30;31;36;34;32;32;33,29;37;26;36;31;14;46;27;22;21;34;24;42;28;38;35;50;25;33;32;30;18;39;40;43,1,higher
24/04/2020 00:40,24/04/2020 00:44,249,1,R_3CVi4K7NZdfcUqF,21,5,0.542,20.976,21.902,7,0,0,2.864,0,0,0,1.062,0,3.507,3.507,6.716,1,50,1,,,,,,,,,,,,,,,,,,,44,1,100,"32,31,30,32,34,34,33,33,32,29,30,31,29,35,28,33,35,37,32,36,27,32,34,31,30,22,43,24,32,34,28,18,50,37,33,35,38,39,30,29,21,36,26,46,42,25,14,31,27,40",30;31;34;32;27;36;32;37;35;33;28;35;29;31;30;29;32;33;33;34;34;32;30;31;32,40;27;31;14;25;42;46;26;36;21;29;30;39;38;35;33;37;50;18;28;34;32;24;43;22,1,higher
24/04/2020 00:52,24/04/2020 00:55,193,1,R_2D7AXKRmA7aZORb,20,4,0,0,10.737,0,0,0,5.603,0,0,0,7.34,0,0,0,16.566,0,60,1,,,,,,,,,,,,,,,,,,,37,1,10,"36,33,37,35,31,30,35,32,32,32,31,27,28,29,34,33,30,34,31,29,33,32,30,32,34,31,31,31,32,33,33,34,33,32,31,31,32,32,30,32,33,32,33,32,33,32,32,31,30,34",34;32;30;32;33;29;31;34;30;33;34;29;28;27;31;32;32;32;35;30;31;35;37;33;36,34;30;31;32;32;33;32;33;32;33;32;30;32;32;31;31;32;33;34;33;33;32;31;31;31,1,lower
24/04/2020 02:02,24/04/2020 02:05,177,1,R_1mWe9yhk3LAcbZh,20,5,0,0,7.038,0,0,0,10.13,0,4.765,4.765,5.915,1,0,0,1.823,0,50,1,,,,,,,,,,,,,,,,,,,45,1,60,"35,27,35,29,33,33,28,32,32,37,34,29,36,32,30,33,30,34,31,31,34,32,31,30,32,25,50,43,39,30,37,27,18,32,40,31,21,29,34,42,46,35,36,38,22,14,24,33,28,26",32;30;31;32;34;31;31;34;30;33;30;32;36;29;34;37;32;32;28;33;33;29;35;27;35,26;28;33;24;14;22;38;36;35;46;42;34;29;21;31;40;32;18;27;37;30;39;43;50;25,1,higher
24/04/2020 04:15,24/04/2020 04:22,421,1,R_2V7vt1NGRFdgUHX,20,4,0,0,48.65,0,0,0,20.739,0,0,0,25.928,0,0,0,50.148,0,47,1,,,,,,,,,,,,,,,,,,,45,1,10,"31,32,29,33,32,34,33,37,30,35,31,32,34,29,32,28,35,36,33,34,31,30,27,30,32,27,39,29,36,31,38,35,42,43,21,46,32,50,37,18,40,14,33,24,25,26,34,28,22,30",32;30;27;30;31;34;33;36;35;28;32;29;34;32;31;35;30;37;33;34;32;33;29;32;31,30;22;28;34;26;25;24;33;14;40;18;37;50;32;46;21;43;42;35;38;31;36;29;39;27,1,higher
24/04/2020 04:30,24/04/2020 04:40,631,1,R_2ASRpjg5VBNMPxg,20,4,0,0,65.239,0,0,0,24.7,0,0,0,7.976,0,0,0,18.577,0,38,1,,,,,,,,,,,,,,,,,,,37,1,10,"35,31,31,32,36,35,34,27,32,33,34,30,34,31,33,33,29,32,32,37,28,30,29,32,30,33,31,32,32,33,32,32,32,33,31,32,30,31,33,32,32,33,33,30,34,31,34,31,32,31",30;32;29;30;28;37;32;32;29;33;33;31;34;30;34;33;32;27;34;35;36;32;31;31;35,31;32;31;34;31;34;30;33;33;32;32;33;31;30;32;31;33;32;32;32;33;32;32;31;33,1,lower
24/04/2020 05:22,24/04/2020 05:29,406,1,R_2ALIs9NxqUd3cqA,20,4,20.212,59.91,76.173,14,0,0,24.838,0,0,0,12.463,0,0,0,22.287,0,40,1,,,,,,,,,,,,,,,,,,,42,0,0,"29,30,34,36,35,32,31,31,33,35,28,32,37,30,29,30,33,31,34,33,32,27,34,32,32,24,43,25,39,32,22,29,42,35,26,27,50,40,36,28,37,38,18,21,33,14,31,34,30,46",32;32;34;27;32;33;34;31;33;30;29;30;37;32;28;35;33;31;31;32;35;36;34;30;29,46;30;34;31;14;33;21;18;38;37;28;36;40;50;27;26;35;42;29;22;32;39;25;43;24,1,higher
24/04/2020 15:01,24/04/2020 15:03,148,1,R_2e8rPQZR9h5Otkn,20,5,0,0,16.471,0,0,0,2.215,0,0,0,1.367,0,0,0,2.115,0,33,1,,,,,,,,,,,,,,,,,,,38,0,33,"32,34,32,32,29,35,34,31,30,31,28,27,30,33,34,32,32,31,29,36,35,30,33,37,33,32,32,31,33,31,33,33,32,34,31,32,31,31,33,31,33,32,32,32,30,32,34,30,32,33",33;37;33;30;35;36;29;31;32;32;34;33;30;27;28;31;30;31;34;35;29;32;32;34;32,33;32;30;34;32;30;32;32;32;33;31;33;31;31;32;31;34;32;33;33;31;33;31;32;32,1,lower
24/04/2020 17:39,24/04/2020 17:43,228,1,R_3Mn9JXOUh2NcABP,23,4,0.972,19.796,21.116,20,0,0,8.69,0,0,0,8.58,0,1.819,36.879,40.015,4,60,1,,,,,,,,,,,,,,,,,,,37,1,10,"30,31,31,29,32,35,32,32,30,32,27,33,34,37,31,34,36,28,33,32,29,30,34,33,35,34,32,31,31,32,32,31,33,32,33,32,30,32,32,33,33,32,32,33,31,30,31,34,33,31",35;33;34;30;29;32;33;28;36;34;31;37;34;33;27;32;30;32;32;35;32;29;31;31;30,31;33;34;31;30;31;33;32;32;33;33;32;32;30;32;33;32;33;31;32;32;31;31;32;34,1,lower
24/04/2020 17:34,24/04/2020 17:52,1089,1,R_3OdXEKn6I5W2GiG,20,4,0,0,78.133,0,0,0,13.5,0,0,0,10.048,0,0,0,19.814,0,38,1,,,,,,,,,,,,,,,,,,,37,1,10,"32,31,32,37,33,32,35,33,31,34,32,30,28,34,30,31,29,35,27,33,34,30,32,29,36,42,29,39,30,36,34,25,26,28,35,43,50,21,22,40,46,24,18,14,38,37,32,33,31,27",36;29;32;30;34;33;27;35;29;31;30;34;28;30;32;34;31;33;35;32;33;37;32;31;32,27;31;33;32;37;38;14;18;24;46;40;22;21;50;43;35;28;26;25;34;36;30;39;29;42,1,higher
24/04/2020 22:27,24/04/2020 22:32,282,1,R_7P2vmgLcqd70yzv,19,4,0,0,29.194,0,0,0,39.821,0,0,0,11.167,0,0,0,25.784,0,40,1,,,,,,,,,,,,,,,,,,,35,1,18,"34,32,32,29,32,27,34,30,30,35,29,33,37,34,36,33,31,28,32,31,30,31,32,35,33,32,31,32,32,33,30,30,31,32,31,32,33,31,34,32,33,34,32,31,33,33,33,32,31,32",33;35;32;31;30;31;32;28;31;33;36;34;37;33;29;35;30;30;34;27;32;29;32;32;34,32;31;32;33;33;33;31;32;34;33;32;34;31;33;32;31;32;31;30;30;33;32;32;31;32,1,lower
24/04/2020 22:34,24/04/2020 22:44,577,1,R_3CIqFJM4T7Lb8fe,25,4,0,0,86.673,0,0,0,24.034,0,0,0,14.799,0,0,0,38.852,0,51,1,,,,,,,,,,,,,,,,,,,40,1,10,"33,36,34,32,37,32,32,32,29,31,34,31,31,34,27,30,30,35,33,33,32,28,29,35,30,24,36,25,39,42,14,35,33,26,32,43,21,37,28,31,18,30,29,40,46,50,27,34,38,22",30;35;29;28;32;33;33;35;30;30;27;34;31;31;34;31;29;32;32;32;37;32;34;36;33,22;38;34;27;50;46;40;29;30;18;31;28;37;21;43;32;26;33;35;14;42;39;25;36;24,1,higher
25/04/2020 00:20,25/04/2020 00:24,239,1,R_2sarbBAQ2w4HTaZ,19,5,0,0,22.519,0,0,0,12.116,0,0,0,9.55,0,0,0,23.156,0,36,1,,,,,,,,,,,,,,,,,,,33,1,10,"27,30,34,30,34,31,35,32,36,33,32,32,33,28,32,34,31,30,29,29,32,37,35,33,31,32,21,22,33,31,46,37,14,43,36,50,35,27,42,38,34,40,25,39,26,28,29,30,24,18",31;33;35;37;32;29;29;30;31;34;32;28;33;32;32;33;36;32;35;31;34;30;34;30;27,18;24;30;29;28;26;39;25;40;34;38;42;27;35;50;36;43;14;37;46;31;33;22;21;32,1,higher
25/04/2020 01:09,25/04/2020 01:16,402,1,R_1FDMmNf75q2wprt,20,4,0,0,62.865,0,0,0,15.023,0,0,0,11.767,0,0,0,33.648,0,45,1,,,,,,,,,,,,,,,,,,,40,1,15,"32,35,32,32,34,31,30,29,27,31,34,37,30,30,36,32,34,32,33,33,33,29,28,35,31,42,35,50,40,32,34,25,39,36,43,30,27,26,14,46,21,18,29,24,28,37,22,38,33,31",31;35;28;29;33;33;33;32;34;32;36;30;30;37;34;31;27;29;30;31;34;32;32;35;32,31;33;38;22;37;28;24;29;18;21;46;14;26;27;30;43;36;39;25;34;32;40;50;35;42,1,higher
25/04/2020 02:36,25/04/2020 02:48,698,1,R_4PA23exfZrZiwX7,20,5,35.18,35.83,396.664,2,0,0,8.926,0,0,0,24.411,0,0,0,39.558,0,40,1,,,,,,,,,,,,,,,,,,,37,1,72,"32,34,30,36,35,31,28,32,31,34,32,33,33,35,30,37,33,34,31,30,27,29,29,32,32,28,39,46,40,14,25,33,26,31,22,32,38,36,42,18,21,37,35,43,50,24,27,29,34,30",32;32;29;29;27;30;31;34;33;37;30;35;33;33;32;34;31;32;28;31;35;36;30;34;32,30;34;29;27;24;50;43;35;37;21;18;42;36;38;32;22;31;26;33;25;14;40;46;39;28,1,higher
25/04/2020 05:31,25/04/2020 05:36,277,1,R_2VK42csF21oI72Y,20,4,0,0,102.697,0,0,0,1.568,0,0,0,1.495,0,0,0,1.595,0,38,1,,,,,,,,,,,,,,,,,,,38,1,50,"31,31,32,35,28,33,31,30,33,37,29,32,27,34,33,32,30,29,34,32,30,32,34,35,36,50,14,43,42,35,31,33,36,25,24,22,21,39,38,34,46,18,26,40,29,28,37,32,30,27",36;35;34;32;30;32;34;29;30;32;33;34;27;32;29;37;33;30;31;33;28;35;32;31;31,27;30;32;37;28;29;40;26;18;46;34;38;39;21;22;24;25;36;33;31;35;42;43;14;50,1,higher
25/04/2020 21:26,25/04/2020 21:30,247,1,R_3gUfH6R8iiSBkw2,20,4,0,0,6.857,0,0,0,3.197,0,0,0,1.747,0,0,0,3.154,0,35,1,,,,,,,,,,,,,,,,,,,34,1,60,"33,30,36,31,30,31,30,35,32,29,33,27,32,34,29,35,33,31,32,37,28,34,32,34,32,31,32,33,31,33,31,30,33,32,33,31,32,32,31,32,32,33,32,32,31,30,33,32,34,34",32;34;32;34;28;37;32;31;33;35;29;34;32;27;33;29;32;35;30;31;30;31;36;30;33,34;34;32;33;30;31;32;32;33;32;32;31;32;32;31;33;32;33;30;31;33;31;33;32;31,1,lower
26/04/2020 02:03,26/04/2020 02:08,272,1,R_2a8fVZt57YkdJNd,19,4,0,0,37.043,0,0,0,10.44,0,0,0,6.295,0,0,0,19.761,0,38,1,,,,,,,,,,,,,,,,,,,37,1,18,"32,32,32,31,32,30,35,33,35,34,37,33,27,31,34,28,30,29,31,34,33,32,30,36,29,43,28,24,21,27,42,40,29,36,33,14,25,30,22,31,26,46,38,32,18,37,39,35,50,34",29;36;30;32;33;34;31;29;30;28;34;31;27;33;37;34;35;33;35;30;32;31;32;32;32,34;50;35;39;37;18;32;38;46;26;31;22;30;25;14;33;36;29;40;42;27;21;24;28;43,1,higher
26/04/2020 18:39,26/04/2020 18:51,713,1,R_2YumptKam0AB9tX,23,4,0,0,247.837,0,0,0,31.582,0,0,0,23.135,0,0,0,47.399,0,38,1,,,,,,,,,,,,,,,,,,,37,1,10,"34,35,32,27,33,35,32,29,31,33,31,30,31,33,37,32,32,34,29,30,32,34,30,36,28,32,31,33,32,34,31,31,30,30,33,32,31,33,32,33,31,33,32,31,34,32,32,33,32,32",28;36;30;34;32;30;29;34;32;32;37;33;31;30;31;33;31;29;32;35;33;27;32;35;34,32;32;33;32;32;34;31;32;33;31;33;32;33;31;32;33;30;30;31;31;34;32;33;31;32,1,lower
26/04/2020 19:24,26/04/2020 19:28,257,1,R_3QWXs8EhxtKZRvQ,19,4,0,0,21.644,0,0,0,27.3,0,0,0,14.286,0,0,0,20.292,0,37,1,,,,,,,,,,,,,,,,,,,33,1,10,"27,32,29,35,32,30,31,28,31,34,32,34,32,30,33,31,33,32,34,35,36,37,30,29,33,33,32,32,31,32,32,31,30,32,32,33,33,34,31,30,31,32,31,32,34,33,32,33,31,33",33;29;30;37;36;35;34;32;33;31;33;30;32;34;32;34;31;28;31;30;32;35;29;32;27,33;31;33;32;33;34;32;31;32;31;30;31;34;33;33;32;32;30;31;32;32;31;32;32;33,1,lower
26/04/2020 21:29,26/04/2020 21:33,268,1,R_5hI9tV6Oa9H3Akh,18,5,0,0,38.706,0,0,0,9.068,0,0,0,8.786,0,0,0,17.407,0,38,1,,,,,,,,,,,,,,,,,,,37,1,18,"35,30,34,32,36,37,30,32,33,32,33,29,31,33,30,28,35,34,31,32,27,29,31,34,32,46,14,50,21,32,39,40,30,27,31,43,29,22,26,18,37,42,33,28,25,36,24,38,35,34",32;34;31;29;27;32;31;34;35;28;30;33;31;29;33;32;33;32;30;37;36;32;34;30;35,34;35;38;24;36;25;28;33;42;37;18;26;22;29;43;31;27;30;40;39;32;21;50;14;46,1,higher
27/04/2020 02:54,27/04/2020 03:01,445,1,R_8tZVPlZ75N9vD2x,20,5,30.18,81.442,90.165,9,0,0,18.353,0,0,0,22.753,0,0,0,22.755,0,41,1,,,,,,,,,,,,,,,,,,,37,1,0,"28,35,31,33,33,30,32,34,35,32,32,32,34,30,37,31,30,29,32,33,34,36,27,29,31,32,31,34,33,33,31,31,33,32,31,31,32,30,34,32,32,32,31,32,33,33,32,30,32,33",31;29;27;36;34;33;32;29;30;31;37;30;34;32;32;32;35;34;32;30;33;33;31;35;28,33;32;30;32;33;33;32;31;32;32;32;34;30;32;31;31;32;33;31;31;33;33;34;31;32,1,lower
27/04/2020 03:59,27/04/2020 04:04,280,1,R_1JJwKBpPdGCmdLL,20,4,0,0,1.79,0,0,0,42.918,0,2.845,9.561,18.282,6,5.858,20.038,23.237,6,55,1,,,,,,,,,,,,,,,,,,,35,1,55,"29,31,32,35,36,37,31,33,27,32,32,33,35,34,33,29,30,30,34,34,28,30,31,32,32,31,34,46,40,37,18,30,43,24,32,38,39,25,22,36,27,35,33,50,28,29,14,26,42,21",32;32;31;30;28;34;34;30;30;29;33;34;35;33;32;32;27;33;31;37;36;35;32;31;29,21;42;26;14;29;28;50;33;35;27;36;22;25;39;38;32;24;43;30;18;37;40;46;34;31,1,higher
27/04/2020 04:10,27/04/2020 04:15,286,1,R_3rUioufyWmWwgxK,20,4,0,0,64.271,0,0,0,9.326,0,0,0,11.001,0,0,0,27.6,0,38,1,,,,,,,,,,,,,,,,,,,37,1,10,"34,30,30,32,33,28,31,32,29,35,36,31,37,31,33,27,35,33,34,29,34,32,32,30,32,30,32,33,33,32,32,31,32,32,33,34,31,32,32,31,31,32,32,31,33,33,30,31,33,34",32;30;32;32;34;29;34;33;35;27;33;31;37;31;36;35;29;32;31;28;33;32;30;30;34,34;33;31;30;33;33;31;32;32;31;31;32;32;31;34;33;32;32;31;32;32;33;33;32;30,1,lower
27/04/2020 16:49,27/04/2020 16:56,441,1,R_33fkUmIbjkxvn8j,31,4,0,0,211.178,0,0,0,20.316,0,0,0,12.268,0,0,0,27.458,0,35,1,,,,,,,,,,,,,,,,,,,34,1,10,"30,34,32,33,30,31,33,32,32,33,31,34,28,30,32,29,37,29,35,34,31,35,27,36,32,38,36,50,40,31,28,39,25,14,29,43,42,18,21,24,22,33,27,26,35,32,30,46,34,37",32;36;27;35;31;34;35;29;37;29;32;30;28;34;31;33;32;32;33;31;30;33;32;34;30,37;34;46;30;32;35;26;27;33;22;24;21;18;42;43;29;14;25;39;28;31;40;50;36;38,1,higher
27/04/2020 18:15,27/04/2020 18:20,277,1,R_1LwjF7u0t3liDBm,20,4,0,0,33.85,0,0,0,11.241,0,0,0,8.887,0,0,0,18.81,0,60,1,,,,,,,,,,,,,,,,,,,37,1,10,"33,32,34,33,32,34,29,31,35,30,30,27,31,32,35,29,36,28,34,32,33,37,31,30,32,31,33,33,31,33,32,34,31,33,32,30,31,34,32,32,32,32,32,33,33,32,31,31,30,32",32;30;31;37;33;32;34;28;36;29;35;32;31;27;30;30;35;31;29;34;32;33;34;32;33,32;30;31;31;32;33;33;32;32;32;32;32;34;31;30;32;33;31;34;32;33;31;33;33;31,1,lower
27/04/2020 20:06,27/04/2020 20:11,255,1,R_2uQHc78KNTAbAks,20,4,0,0,52.203,0,0,0,19.77,0,6.363,6.363,7.487,1,0,0,14.549,0,38,1,,,,,,,,,,,,,,,,,,,37,1,18,"32,32,35,32,30,32,30,34,32,30,31,33,36,29,37,28,31,27,33,29,34,34,31,35,33,31,34,31,32,31,30,31,32,32,30,31,31,33,32,33,32,33,33,32,32,33,33,32,34,32",33;35;31;34;34;29;33;27;31;28;37;29;36;33;31;30;32;34;30;32;30;32;35;32;32,32;34;32;33;33;32;32;33;33;32;33;32;33;31;31;30;32;32;31;30;31;32;31;34;31,1,lower
27/04/2020 20:24,27/04/2020 20:28,258,1,R_1gMirIUpAQh4diX,21,4,3.479,11.013,12.501,7,1.207,1.207,2.246,1,1.022,1.022,2.889,1,0.85,0.85,1.954,1,39,1,,,,,,,,,,,,,,,,,,,35,1,50,"37,29,35,31,33,36,30,29,32,34,28,31,32,34,35,34,33,32,31,30,32,30,27,32,33,32,32,32,33,32,32,31,31,32,30,33,34,34,32,31,31,32,31,31,33,33,32,33,33,30",33;32;27;30;32;30;31;32;33;34;35;34;32;31;28;34;32;29;30;36;33;31;35;29;37,30;33;33;32;33;33;31;31;32;31;31;32;34;34;33;30;32;31;31;32;32;33;32;32;32,1,lower
27/04/2020 21:17,27/04/2020 21:25,451,1,R_269JjeJNUXDeKH6,20,4,3.181,3.181,88.428,1,0,0,24.52,0,3.976,3.976,12.639,1,0,0,47.947,0,60,1,,,,,,,,,,,,,,,,,,,48,1,10,"32,35,35,34,33,29,31,32,34,30,32,32,37,31,33,27,30,31,33,36,32,34,29,28,30,36,14,21,38,25,24,28,27,31,46,35,40,26,18,39,32,33,43,37,50,30,22,29,34,42",30;28;29;34;32;36;33;31;30;27;33;31;37;32;32;30;34;32;31;29;33;34;35;35;32,42;34;29;22;30;50;37;43;33;32;39;18;26;40;35;46;31;27;28;24;25;38;21;14;36,1,higher
27/04/2020 23:31,27/04/2020 23:36,299,1,R_2TR8rEGNOTNNcxL,19,4,0,0,45.451,0,0,0,15.392,0,0,0,13.643,0,0,0,48.107,0,60,1,,,,,,,,,,,,,,,,,,,44,1,10,"35,32,27,32,30,28,33,31,32,36,31,31,32,35,34,30,37,33,34,34,33,29,32,30,29,37,21,35,28,26,18,43,32,27,31,46,42,50,33,40,30,24,25,39,14,36,38,29,34,22",29;30;32;29;33;34;34;33;37;30;34;35;32;31;31;36;32;31;33;28;30;32;27;32;35,22;34;29;38;36;14;39;25;24;30;40;33;50;42;46;31;27;32;43;18;26;28;35;21;37,1,higher
28/04/2020 00:30,28/04/2020 00:35,325,1,R_scXFXPm2iJLwh9L,18,4,0,0,56.908,0,0,0,47.573,0,0,0,10.776,0,0,0,22.884,0,38,1,,,,,,,,,,,,,,,,,,,37,1,18,"33,32,30,27,33,30,29,31,33,30,34,34,31,31,28,37,29,35,36,35,32,32,34,32,32,33,31,32,31,33,32,34,34,32,33,31,31,32,32,32,32,33,33,31,33,30,31,32,32,30",32;32;34;32;32;35;36;35;29;37;28;31;31;34;34;30;33;31;29;30;33;27;30;32;33,30;32;32;31;30;33;31;33;33;32;32;32;32;31;31;33;32;34;34;32;33;31;32;31;33,1,lower
28/04/2020 04:05,28/04/2020 04:08,211,1,R_3j2JW3u9PHtlU6S,19,4,0,0,33.906,0,0,0,9.372,0,0,0,6.309,0,0,0,3.611,0,40,1,,,,,,,,,,,,,,,,,,,37,1,0,"34,28,32,33,34,37,29,32,33,27,30,29,33,35,32,31,31,30,30,32,35,31,34,32,36,43,46,50,35,34,30,18,39,29,27,40,42,31,24,25,36,14,33,38,32,28,26,37,22,21",36;32;34;31;35;32;30;30;31;31;32;35;33;29;30;27;33;32;29;37;34;33;32;28;34,21;22;37;26;28;32;38;33;14;36;25;24;31;42;40;27;29;39;18;30;34;35;50;46;43,1,higher
28/04/2020 03:05,28/04/2020 04:12,4060,1,R_31GdxX6MjHXKoRU,20,4,0,0,80.141,0,0,0,13.653,0,0,0,17.532,0,0,0,31.248,0,36,1,,,,,,,,,,,,,,,,,,,33,1,10,"31,31,27,31,34,32,33,34,29,30,32,30,37,36,32,33,34,35,32,33,35,30,32,29,28,32,30,33,32,32,32,30,31,32,32,32,34,32,31,31,31,33,32,31,33,33,34,31,33,33",28;29;32;30;35;33;32;35;34;33;32;36;37;30;32;30;29;34;33;32;34;31;27;31;31,33;33;31;34;33;33;31;32;33;31;31;31;32;34;32;32;32;31;30;32;32;32;33;30;32,1,lower
28/04/2020 20:51,28/04/2020 20:55,236,1,R_1dK72ukjPAcPu9k,20,4,0,0,32.092,0,0,0,11.3,0,0,0,11.076,0,0,0,13.089,0,50,1,,,,,,,,,,,,,,,,,,,37,1,10,"30,32,33,32,32,27,35,31,31,29,34,37,33,31,36,33,29,32,34,28,34,35,30,32,30,35,46,14,29,21,32,33,27,43,50,40,24,30,28,39,38,31,42,37,36,34,22,18,26,25",30;32;30;35;34;28;34;32;29;33;36;31;33;37;34;29;31;31;35;27;32;32;33;32;30,25;26;18;22;34;36;37;42;31;38;39;28;30;24;40;50;43;27;33;32;21;29;14;46;35,1,higher
28/04/2020 21:25,28/04/2020 21:29,237,1,R_2f0Xz5yXJ8P1UsH,21,5,0,0,3.924,0,0,0,12.118,0,0,0,10.242,0,0,0,1.424,0,60,1,,,,,,,,,,,,,,,,,,,60,1,50,"29,33,37,29,35,27,30,30,35,31,28,34,36,32,34,31,32,32,32,30,32,33,33,34,31,31,31,33,33,34,32,30,33,33,33,33,32,31,30,32,32,31,31,31,32,32,34,32,32,32",31;34;33;33;32;30;32;32;32;31;34;32;36;34;28;31;35;30;30;27;35;29;37;33;29,32;32;32;34;32;32;31;31;31;32;32;30;31;32;33;33;33;33;30;32;34;33;33;31;31,1,lower
21/04/2020 22:03,21/04/2020 22:03,21,0,R_2EmcLy1gwmqQmOo,99,7,0,0,10.27,0,,,,,,,,,,,,,,,,,,,,,,,,,,,,,,,,,,,,,,,0,higher
28/04/2020 22:51,28/04/2020 22:54,221,1,R_2b3ttyDqpzd1zlL,19,5,0,0,18.091,0,0,0,7.528,0,0,0,9.37,0,0,0,21.67,0,38,1,,,,,,,,,,,,,,,,,,,37,1,10,"29,31,32,30,32,35,36,32,28,29,35,32,31,30,32,27,31,37,34,33,33,34,30,34,33,34,31,32,30,31,32,30,33,33,33,32,33,33,32,32,31,32,33,34,31,31,31,32,32,32",33;34;30;34;33;33;34;37;31;27;32;30;31;32;35;29;28;32;36;35;32;30;32;31;29,32;32;32;31;31;31;34;33;32;31;32;32;33;33;32;33;33;33;30;32;31;30;32;31;34,1,lower
28/04/2020 23:46,28/04/2020 23:51,291,1,R_3dHcmXhaxNLKy2n,20,4,0,0,45.818,0,0,0,12.261,0,0,0,15.185,0,0,0,39.921,0,39,1,,,,,,,,,,,,,,,,,,,36,1,10,"33,35,29,33,30,32,32,37,32,34,36,30,31,32,33,35,27,28,31,32,29,31,30,34,34,31,32,33,32,32,33,31,34,31,34,32,31,32,33,32,32,30,32,31,33,33,31,30,32,33",34;34;30;31;29;32;31;28;27;35;33;32;31;30;36;34;32;37;32;32;30;33;29;35;33,33;32;30;31;33;33;31;32;30;32;32;33;32;31;32;34;31;34;31;33;32;32;33;32;31,1,lower
28/04/2020 01:11,29/04/2020 02:10,89970,1,R_1dnW7VlDVuOZnNM,20,4,0,0,3.021,0,0,0,10.183,0,0,0,9.557,0,0,0,4.735,0,29,1,,,,,,,,,,,,,,,,,,,38,1,18,"34,33,30,37,32,34,32,36,31,31,34,33,35,29,33,28,30,32,29,30,27,32,35,32,31,31,36,25,37,29,39,27,40,24,33,18,14,46,21,43,28,34,30,22,50,38,32,42,35,26",31;32;35;32;27;30;29;32;30;28;33;29;35;33;34;31;31;36;32;34;32;37;30;33;34,26;35;42;32;38;50;22;30;34;28;43;21;46;14;18;33;24;40;27;39;29;37;25;36;31,1,higher
29/04/2020 02:35,29/04/2020 02:41,318,1,R_3eskdkCjrEcRWLW,20,4,0,0,71.452,0,0,0,19.297,0,0,0,3.25,0,0,0,13.43,0,38,1,,,,,,,,,,,,,,,,,,,37,1,10,"32,30,31,32,28,27,32,32,33,30,29,34,30,34,36,33,33,31,29,35,32,35,31,37,34,24,43,32,39,27,22,29,35,28,31,18,30,36,50,33,38,26,40,25,37,42,34,14,46,21",34;37;31;35;32;35;29;31;33;33;36;34;30;34;29;30;33;32;32;27;28;32;31;30;32,21;46;14;34;42;37;25;40;26;38;33;50;36;30;18;31;28;35;29;22;27;39;32;43;24,1,higher
29/04/2020 03:14,29/04/2020 03:21,405,1,R_8wX8bYyEr4emBLb,20,5,0,0,101.207,0,0,0,18.14,0,0,0,35.165,0,0,0,43.888,0,39,1,,,,,,,,,,,,,,,,,,,38,1,18,"30,33,29,30,32,32,34,31,35,33,34,30,27,37,34,31,28,31,29,35,32,32,32,33,36,38,22,30,33,24,28,34,27,29,35,21,42,25,37,26,50,31,40,18,32,36,39,14,43,46",36;33;32;32;32;35;29;31;28;31;34;37;27;30;34;33;35;31;34;32;32;30;29;33;30,46;43;14;39;36;32;18;40;31;50;26;37;25;42;21;35;29;27;34;28;24;33;30;22;38,1,higher
29/04/2020 21:05,29/04/2020 21:10,299,1,R_28MKFgoAxMI8jCN,26,4,0,0,51.334,0,0,0,17.085,0,0,0,9.281,0,0,0,20.268,0,40,1,,,,,,,,,,,,,,,,,,,37,1,10,"34,33,30,31,28,31,34,32,37,30,34,31,32,32,27,29,32,33,29,35,36,33,32,35,30,35,38,14,34,22,18,37,26,40,33,30,39,43,28,24,46,50,27,29,42,32,36,25,21,31",30;35;32;33;36;35;29;33;32;29;27;32;32;31;34;30;37;32;34;31;28;31;30;33;34,31;21;25;36;32;42;29;27;50;46;24;28;43;39;30;33;40;26;37;18;22;34;14;38;35,1,higher
29/04/2020 21:18,29/04/2020 21:22,227,1,R_3O0N0hBoQTJGubP,20,4,0,0,25.051,0,0,0,11.041,0,0,0,5.841,0,0,0,18.551,0,39,1,,,,,,,,,,,,,,,,,,,37,0,18,"34,33,32,31,34,28,29,32,37,32,33,31,27,31,36,33,30,32,35,30,34,32,29,35,30,33,18,30,24,22,38,50,39,37,35,26,32,36,46,34,21,27,14,28,31,29,42,40,43,25",30;35;29;32;34;30;35;32;30;33;36;31;27;31;33;32;37;32;29;28;34;31;32;33;34,25;43;40;42;29;31;28;14;27;21;34;46;36;32;26;35;37;39;50;38;22;24;30;18;33,1,higher
29/04/2020 21:52,29/04/2020 21:56,240,1,R_2wELPI3MS5vrp44,20,4,0,0,40.537,0,0,0,17.091,0,0,0,7.092,0,0,0,18.37,0,48,1,,,,,,,,,,,,,,,,,,,46,1,10,"31,34,33,32,30,30,33,34,29,35,30,32,29,36,28,27,35,37,31,31,33,32,32,32,34,38,34,39,14,43,21,50,42,36,30,24,37,31,29,22,33,26,27,35,32,25,28,46,18,40",34;32;32;32;33;31;31;37;35;27;28;36;29;32;30;35;29;34;33;30;30;32;33;34;31,40;18;46;28;25;32;35;27;26;33;22;29;31;37;24;30;36;42;50;21;43;14;39;34;38,1,higher
30/04/2020 03:37,30/04/2020 03:41,218,1,R_sdMcNwX1qCvJD0d,21,4,0,0,49.094,0,0,0,7.7,0,0,0,5.953,0,0,0,9.681,0,38,1,,,,,,,,,,,,,,,,,,,37,1,28,"33,32,33,31,30,30,35,32,29,37,32,32,32,27,31,35,28,30,36,29,34,33,31,34,34,25,38,50,39,42,34,14,31,29,37,21,24,35,40,36,43,26,18,33,32,27,22,46,28,30",34;34;31;33;34;29;36;30;28;35;31;27;32;32;32;37;29;32;35;30;30;31;33;32;33,30;28;46;22;27;32;33;18;26;43;36;40;35;24;21;37;29;31;14;34;42;39;50;38;25,1,higher
30/04/2020 04:49,30/04/2020 04:56,416,1,R_ZsCZCVJAcXiSAbD,20,4,0,0,46.824,0,0,0,15.632,0,0,0,15.576,0,0,0,21.908,0,39,1,,,,,,,,,,,,,,,,,,,35,1,10,"28,32,34,36,30,33,32,27,35,32,29,31,32,34,30,31,30,37,32,33,34,33,31,29,35,31,32,30,32,33,32,30,32,33,32,33,33,33,31,34,31,33,32,32,32,34,32,31,31,31",35;29;31;33;34;33;32;37;30;31;30;34;32;31;29;32;35;27;32;33;30;36;34;32;28,31;31;31;32;34;32;32;32;33;31;34;31;33;33;33;32;33;32;30;32;33;32;30;32;31,1,lower
30/04/2020 06:45,30/04/2020 06:51,357,1,R_UtO1qXMCBXHnnhv,20,5,0,0,58.574,0,0,0,28.422,0,0,0,16.51,0,0,0,40.62,0,38,1,,,,,,,,,,,,,,,,,,,37,1,10,"32,30,34,29,32,27,32,30,34,36,33,30,33,37,35,34,31,31,29,28,32,35,32,33,31,37,39,28,24,14,33,42,36,40,18,34,30,29,32,25,35,27,22,50,26,43,31,38,21,46",31;33;32;35;32;28;29;31;31;34;35;37;33;30;33;36;34;30;32;27;32;29;34;30;32,46;21;38;31;43;26;50;22;27;35;25;32;29;30;34;18;40;36;42;33;14;24;28;39;37,1,higher
30/04/2020 18:38,30/04/2020 18:43,258,1,R_31LCGYb5BbapbIP,20,4,0,0,3.803,0,0,0,2.838,0,0,0,1.841,0,1.741,1.741,42.857,1,39,2,60,1,,,,,,,,,,,,,,,,,34,1,10,"30,32,32,37,28,32,31,29,33,34,32,33,36,29,32,27,31,35,31,33,30,35,30,34,34,34,32,33,35,42,39,46,30,26,36,22,25,43,21,24,40,50,37,31,14,27,38,28,18,29",34;34;30;35;30;33;31;35;31;27;32;29;36;33;32;34;33;29;31;32;28;37;32;32;30,29;18;28;38;27;14;31;37;50;40;24;21;43;25;22;36;26;30;46;39;42;35;33;32;34,1,higher
30/04/2020 19:46,30/04/2020 19:53,430,1,R_1QbjbMrAPXNqe44,21,4,0,0,149.516,0,0,0,20.501,0,0,0,10.086,0,0,0,27.604,0,52,1,,,,,,,,,,,,,,,,,,,48,1,10,"32,27,32,33,29,35,31,34,37,32,34,35,28,30,34,33,31,30,30,29,32,36,33,31,32,28,25,30,27,38,22,31,39,24,33,37,36,46,50,35,26,43,21,40,34,18,42,29,14,32",32;31;33;36;32;29;30;30;31;33;34;30;28;35;34;32;37;34;31;35;29;33;32;27;32,32;14;29;42;18;34;40;21;43;26;35;50;46;36;37;33;24;39;31;22;38;27;30;25;28,1,higher
30/04/2020 21:34,30/04/2020 21:39,291,1,R_239oshc5RzuyPhl,25,4,1.083,54.892,58.358,17,1.272,1.272,4.99,1,1.345,2.452,5.297,2,1.393,5.473,16.606,4,50,1,,,,,,,,,,,,,,,,,,,42,1,10,"30,32,33,30,32,37,36,29,33,35,32,29,28,32,31,31,34,34,33,30,32,27,35,31,34,31,31,32,32,33,32,32,31,33,32,33,32,32,31,31,33,32,33,32,34,31,34,30,33,30",34;31;35;27;32;30;33;34;34;31;31;32;28;29;32;35;33;29;36;37;32;30;33;32;30,30;33;30;34;31;34;32;33;32;33;31;31;32;32;33;32;33;31;32;32;33;32;32;31;31,1,lower
23/04/2020 23:58,23/04/2020 23:58,17,0,R_2Sw96qwZ1ZojoCn,21,5,0.599,4.879,6.728,4,,,,,,,,,,,,,,,,,,,,,,,,,,,,,,,,,,,,,,,0,higher
